permno,ticker,comnam,ncusip,siccd,entry_date,exit_date,overlap_len
87432,A,AGILENT TECHNOLOGIES INC,00846U10,3825,2014-01-01,2016-12-07,1071
87432,A,AGILENT TECHNOLOGIES INC,00846U10,3826,2016-12-08,2021-03-31,1574
87432,A,AGILENT TECHNOLOGIES INC,00846U10,3825,2021-04-01,2023-03-07,705
87432,A,AGILENT TECHNOLOGIES INC,00846U10,3826,2023-03-08,2024-12-31,664
24643,AA,ALCOA INC,01381710,3334,2014-01-01,2016-10-05,1008
24643,AA,ALCOA INC,01381750,3334,2016-10-06,2016-10-31,25
16347,AA,ALCOA CORP,01387210,3334,2016-11-01,2016-11-01,0
21020,AAL,AMERICAN AIRLINES GROUP INC,02376R10,4512,2015-03-23,2024-09-20,3469
89217,AAP,ADVANCE AUTO PARTS INC,00751Y10,5531,2015-07-09,2023-08-24,2968
14593,AAPL,APPLE INC,03783310,3571,2014-01-01,2024-12-31,4017
13721,ABBV,ABBVIE INC,00287Y10,2834,2014-01-01,2024-12-31,4017
81540,ABC,AMERISOURCEBERGEN CORP,03073E10,5122,2014-01-01,2016-12-21,1085
81540,ABC,AMERISOURCEBERGEN CORP,03073E10,8099,2016-12-22,2021-03-31,1560
81540,ABC,AMERISOURCEBERGEN CORP,03073E10,5122,2021-04-01,2023-08-29,880
75107,ABMD,ABIOMED INC,00365410,3840,2018-05-31,2022-12-21,1665
20190,ABNB,AIRBNB INC,00906610,9999,2023-09-18,2024-12-31,470
20482,ABT,ABBOTT LABORATORIES,00282410,2834,2014-01-01,2016-12-21,1085
20482,ABT,ABBOTT LABORATORIES,00282410,5047,2016-12-22,2021-03-31,1560
20482,ABT,ABBOTT LABORATORIES,00282410,2834,2021-04-01,2022-04-28,392
20482,ABT,ABBOTT LABORATORIES,00282410,6719,2022-04-29,2023-04-12,348
20482,ABT,ABBOTT LABORATORIES,00282410,2834,2023-04-13,2024-12-31,628
79057,ACE,ACE LTD NEW,H0023R10,6331,2014-01-01,2016-01-14,743
82276,ACGL,ARCH CAPITAL GROUP LTD NEW,G0450A10,6331,2022-11-01,2024-12-31,791
89071,ACN,ACCENTURE PLC IRELAND,G1151C10,7389,2014-01-01,2019-10-21,2119
89071,ACN,ACCENTURE PLC IRELAND,G1151C10,6719,2019-10-22,2020-03-22,152
89071,ACN,ACCENTURE PLC IRELAND,G1151C10,7389,2020-03-23,2021-10-19,575
89071,ACN,ACCENTURE PLC IRELAND,G1151C10,8742,2021-10-20,2024-12-31,1168
78916,ACT,ACTAVIS PLC,G0083B10,2834,2014-01-01,2015-06-14,529
75510,ADBE,ADOBE SYSTEMS INC,00724F10,7370,2014-01-01,2018-10-08,1741
75510,ADBE,ADOBE INC,00724F10,7372,2018-10-09,2024-12-31,2275
60871,ADI,ANALOG DEVICES INC,03265410,3674,2014-01-01,2024-12-31,4017
10516,ADM,ARCHER DANIELS MIDLAND CO,03948310,2046,2014-01-01,2024-12-31,4017
16342,ADNT,ADIENT PLC,G0084W10,6799,2016-10-31,2016-10-31,0
44644,ADP,AUTOMATIC DATA PROCESSING INC,05301510,7374,2014-01-01,2024-12-31,4017
89002,ADS,ALLIANCE DATA SYSTEMS CORP,01858110,7389,2014-01-01,2014-01-07,6
89002,ADS,ALLIANCE DATA SYSTEMS CORP,01858110,7322,2014-01-08,2020-06-19,2354
85631,ADSK,AUTODESK INC,05276910,7370,2014-01-01,2024-12-31,4017
13567,ADT,A D T CORP,00101J10,7381,2014-01-01,2016-04-29,849
24985,AEE,AMEREN CORP,02360810,4931,2014-01-01,2016-12-18,1082
24985,AEE,AMEREN CORP,02360810,4911,2016-12-19,2024-12-31,2934
24109,AEP,AMERICAN ELECTRIC POWER CO INC,02553710,4911,2014-01-01,2020-09-30,2464
24109,AEP,AMERICAN ELECTRIC POWER CO INC,02553710,4911,2020-10-01,2024-12-31,1552
76712,AES,A E S CORP,00130H10,4911,2014-01-01,2024-12-31,4017
88845,AET,AETNA INC NEW,00817Y10,6324,2014-01-01,2018-11-28,1792
57904,AFL,AFLAC INC,00105510,6321,2014-01-01,2024-12-31,4017
75646,AGN,ALLERGAN INC,01849010,2834,2014-01-01,2015-03-16,439
78916,AGN,ALLERGAN PLC,G0177J10,2834,2015-06-15,2020-05-08,1789
66800,AIG,AMERICAN INTERNATIONAL GROUP INC,02687478,6331,2014-01-01,2016-12-18,1082
66800,AIG,AMERICAN INTERNATIONAL GROUP INC,02687478,6399,2016-12-19,2021-04-04,1567
66800,AIG,AMERICAN INTERNATIONAL GROUP INC,02687478,6331,2021-04-05,2024-12-31,1366
20191,AIRC,APARTMENT INCOME REIT CORP,03750L10,6798,2020-12-15,2020-12-18,3
80711,AIV,APARTMENT INVESTMENT & MGMT CO,03748R10,6798,2014-01-01,2019-02-20,1876
80711,AIV,APARTMENT INVESTMENT & MGMT CO,03748R75,6798,2019-02-21,2020-11-30,648
80711,AIV,APARTMENT INVESTMENT & MGMT CO,03748R74,6798,2020-12-01,2020-12-18,17
90038,AIZ,ASSURANT INC,04621X10,6331,2014-01-01,2015-06-30,545
90038,AIZ,ASSURANT INC,04621X10,6321,2015-07-01,2016-12-18,536
90038,AIZ,ASSURANT INC,04621X10,6399,2016-12-19,2020-10-12,1393
90038,AIZ,ASSURANT INC,04621X10,6411,2020-10-13,2024-12-31,1540
38093,AJG,GALLAGHER ARTHUR J & CO,36357610,6411,2016-05-31,2024-12-31,3136
87299,AKAM,AKAMAI TECHNOLOGIES INC,00971T10,7372,2014-01-01,2024-12-31,4017
80191,ALB,ALBEMARLE CORP,01265310,2821,2016-07-01,2024-12-31,3105
88860,ALGN,ALIGN TECHNOLOGY INC,01625510,3843,2017-06-19,2024-12-31,2752
28804,ALK,ALASKA AIRGROUP INC,01165910,4512,2016-05-13,2023-12-15,2772
79323,ALL,ALLSTATE CORP,02000210,6331,2014-01-01,2024-12-31,4017
14297,ALLE,ALLEGION PLC,G0176J10,6799,2014-01-01,2020-02-17,2238
14297,ALLE,ALLEGION PLC,G0176J10,3699,2020-02-18,2021-03-28,404
14297,ALLE,ALLEGION PLC,G0176J10,7382,2021-03-29,2024-12-31,1373
75577,ALTR,ALTERA CORP,02144110,3670,2014-01-01,2015-12-24,722
83111,ALXN,ALEXION PHARMACEUTICALS INC,01535110,2830,2014-01-01,2021-07-20,2757
14702,AMAT,APPLIED MATERIALS INC,03822210,3550,2014-01-01,2024-12-31,4017
18724,AMCR,AMCOR PLC,G0250X10,2671,2019-06-11,2019-09-25,106
18724,AMCR,AMCOR PLC,G0250X10,3999,2019-09-26,2020-02-18,145
18724,AMCR,AMCOR PLC,G0250X10,2671,2020-02-19,2021-03-14,389
18724,AMCR,AMCOR PLC,G0250X10,7389,2021-03-15,2022-03-27,377
18724,AMCR,AMCOR PLC,G0250X10,5999,2022-03-28,2024-12-31,1009
61241,AMD,ADVANCED MICRO DEVICES INC,00790310,3674,2017-03-20,2024-12-31,2843
85257,AME,AMETEK INC NEW,03110010,3621,2014-01-01,2019-08-08,2045
85257,AME,AMETEK INC NEW,03110010,3823,2019-08-09,2024-12-31,1971
85593,AMG,AFFILIATED MANAGERS GROUP INC,00825210,6282,2014-07-01,2019-12-20,1998
14008,AMGN,AMGEN INC,03116210,2830,2014-01-01,2024-12-31,4017
90880,AMP,AMERIPRISE FINANCIAL INC,03076C10,6282,2014-01-01,2024-06-24,3827
90880,AMP,AMERIPRISE FINANCIAL INC,03076C10,7389,2024-06-25,2024-12-31,189
86111,AMT,AMERICAN TOWER CORP NEW,03027X10,6798,2014-01-01,2016-12-18,1082
86111,AMT,AMERICAN TOWER CORP NEW,03027X10,4812,2016-12-19,2017-05-15,147
86111,AMT,AMERICAN TOWER CORP NEW,03027X10,4813,2017-05-16,2020-02-13,1003
86111,AMT,AMERICAN TOWER CORP NEW,03027X10,4812,2020-02-14,2021-04-04,415
86111,AMT,AMERICAN TOWER CORP NEW,03027X10,6798,2021-04-05,2024-12-31,1366
25434,AMTM,AMENTUM HOLDINGS INC,02393910,7389,2024-09-30,2024-12-20,81
84788,AMZN,AMAZON COM INC,02313510,7370,2014-01-01,2024-12-31,4017
76282,AN,AUTONATION INC DEL,05329W10,5511,2014-01-01,2017-08-07,1314
37284,ANDV,ANDEAVOR,03349M10,2911,2017-08-01,2018-09-28,423
14714,ANET,ARISTA NETWORKS INC,04041310,3577,2018-08-28,2024-12-03,2289
14714,ANET,ARISTA NETWORKS INC,04041320,3577,2024-12-04,2024-12-31,27
83621,ANSS,ANSYS INC,03662Q10,7370,2017-06-19,2024-12-31,2752
89179,ANTM,ANTHEM INC,03675210,6324,2014-12-03,2021-02-28,2279
89179,ANTM,ANTHEM INC,03675210,6321,2021-03-01,2022-06-27,483
61735,AON,AON PLC,G0408V10,6411,2014-01-01,2014-01-07,6
61735,AON,AON PLC,G0408V10,6722,2014-01-08,2014-11-23,319
61735,AON,AON PLC,G0408V10,6411,2014-11-24,2020-03-31,1954
61735,AON,AON PLC NEW,G0403H10,6411,2020-04-01,2024-06-25,1546
61735,AON,AON PLC NEW,G0403H10,6719,2024-06-26,2024-12-31,188
65402,AOS,SMITH A O CORP,83186520,3621,2017-07-26,2017-12-25,152
65402,AOS,SMITH A O CORP,83186520,3639,2017-12-26,2024-12-31,2562
39490,APA,APACHE CORP,03741110,1311,2014-01-01,2016-12-18,1082
39490,APA,APACHE CORP,03741110,1382,2016-12-19,2017-02-16,59
39490,APA,APACHE CORP,03741110,1321,2017-02-17,2020-02-24,1102
39490,APA,APACHE CORP,03741110,1311,2020-02-25,2020-06-08,104
39490,APA,APACHE CORP,03741110,1311,2020-06-09,2021-03-01,265
39490,APA,A P A CORP,03743Q10,1311,2021-03-02,2024-12-31,1400
70332,APC,ANADARKO PETROLEUM CORP,03251110,1311,2014-01-01,2016-12-18,1082
70332,APC,ANADARKO PETROLEUM CORP,03251110,1382,2016-12-19,2017-02-16,59
70332,APC,ANADARKO PETROLEUM CORP,03251110,1321,2017-02-17,2019-08-08,902
28222,APD,AIR PRODUCTS & CHEMICALS INC,00915810,2813,2014-01-01,2021-03-31,2646
28222,APD,AIR PRODUCTS & CHEMICALS INC,00915810,2842,2021-04-01,2024-12-31,1370
84769,APH,AMPHENOL CORP NEW,03209510,3678,2014-01-01,2024-12-31,4017
12591,APO,APOLLO GLOBAL MANAGEMENT INC NEW,03769M10,6282,2024-12-23,2024-12-31,8
13103,APTV,APTIV PLC,G6095L10,3714,2017-12-05,2024-12-17,2569
13103,APTV,APTIV PLC NEW,G3265R10,3714,2024-12-18,2024-12-31,13
17783,APY,APERGY CORP,03755L10,5084,2018-05-09,2018-05-09,0
84767,ARE,ALEXANDRIA REAL EST EQUITIES INC,01527110,6798,2017-03-20,2019-07-15,847
84767,ARE,ALEXANDRIA REAL EST EQUITIES INC,01527110,6531,2019-07-16,2024-12-31,1995
70308,ARG,AIRGAS INC,00936310,5084,2014-01-01,2016-05-20,870
24643,ARNC,ARCONIC INC,03965L10,3334,2016-11-01,2020-03-31,1246
16276,ASIX,ADVANSIX INC,00773T10,2821,2016-10-03,2016-10-03,0
43123,ATI,ALLEGHENY TECHNOLOGIES,01741R10,3317,2014-01-01,2015-07-01,546
32986,ATO,ATMOS ENERGY CORP,04956010,4924,2019-02-15,2024-12-31,2146
79678,ATVI,ACTIVISION BLIZZARD INC,00507V10,7370,2015-08-31,2023-10-12,2964
80381,AVB,AVALONBAY COMMUNITIES INC,05348410,6798,2014-01-01,2024-12-31,4017
93002,AVGO,AVAGO TECHNOLOGIES LTD,Y0486S10,9999,2014-05-08,2016-01-31,633
93002,AVGO,BROADCOM LTD,Y0982710,9999,2016-02-01,2018-04-04,793
93002,AVGO,BROADCOM INC,11135F10,9999,2018-04-05,2024-12-31,2462
40416,AVP,AVON PRODUCTS INC,05430310,2844,2014-01-01,2015-03-20,443
44601,AVY,AVERY DENNISON CORP,05361110,2754,2014-01-01,2017-04-09,1194
44601,AVY,AVERY DENNISON CORP,05361110,3089,2017-04-10,2021-03-31,1451
44601,AVY,AVERY DENNISON CORP,05361110,2672,2021-04-01,2024-12-31,1370
92614,AWK,AMERICAN WATER WORKS CO INC,03042010,4941,2016-03-04,2024-12-31,3224
89031,AXON,AXON ENTERPRISE INC,05464C10,3480,2023-05-04,2024-12-31,607
59176,AXP,AMERICAN EXPRESS CO,02581610,6141,2014-01-01,2017-03-20,1174
59176,AXP,AMERICAN EXPRESS CO,02581610,6029,2017-03-21,2020-01-29,1044
59176,AXP,AMERICAN EXPRESS CO,02581610,6141,2020-01-30,2020-04-30,91
59176,AXP,AMERICAN EXPRESS CO,02581610,6029,2020-05-01,2021-04-04,338
59176,AXP,AMERICAN EXPRESS CO,02581610,6141,2021-04-05,2024-12-31,1366
89216,AYI,ACUITY BRANDS INC,00508Y10,5169,2016-05-03,2018-06-15,773
76605,AZO,AUTOZONE INC,05333210,5531,2014-01-01,2024-12-31,4017
19561,BA,BOEING CO,09702310,3721,2014-01-01,2024-12-31,4017
59408,BAC,BANK OF AMERICA CORP,06050510,6021,2014-01-01,2014-05-13,132
59408,BAC,BANK OF AMERICA CORP,06050510,6211,2014-05-14,2015-06-30,412
59408,BAC,BANK OF AMERICA CORP,06050510,6021,2015-07-01,2016-06-28,363
59408,BAC,BANK OF AMERICA CORP,06050510,6211,2016-06-29,2016-12-07,161
59408,BAC,BANK OF AMERICA CORP,06050510,6021,2016-12-08,2022-05-15,1984
59408,BAC,BANK OF AMERICA CORP,06050510,6029,2022-05-16,2024-12-31,960
57568,BALL,BALL CORP,05849810,3411,2022-05-10,2024-12-31,966
27887,BAX,BAXTER INTERNATIONAL INC,07181310,3841,2014-01-01,2024-12-31,4017
77659,BBBY,BED BATH & BEYOND INC,07589610,5700,2014-01-01,2017-07-25,1301
71563,BBT,B B & T CORP,05493710,6021,2014-01-01,2016-10-10,1013
71563,BBT,B B & T CORP,05493710,6712,2016-10-11,2019-09-26,1080
71563,BBT,B B & T CORP,05493710,6021,2019-09-27,2019-12-08,72
64282,BBWI,BATH & BODY WORKS INC,07083010,5621,2021-08-03,2024-09-30,1154
85914,BBY,BEST BUY COMPANY INC,08651610,5731,2014-01-01,2023-09-20,3549
85914,BBY,BEST BUY COMPANY INC,08651610,3679,2023-09-21,2024-12-31,467
46877,BCR,BARD C R INC,06738310,3841,2014-01-01,2017-12-28,1457
39642,BDX,BECTON DICKINSON & CO,07588710,3841,2014-01-01,2024-12-31,4017
10225,BEAM,BEAM INC,07373010,2085,2014-01-01,2014-01-07,6
10225,BEAM,BEAM INC,07373010,3433,2014-01-08,2014-04-30,112
37584,BEN,FRANKLIN RESOURCES INC,35461310,6282,2014-01-01,2014-01-07,6
37584,BEN,FRANKLIN RESOURCES INC,35461310,6722,2014-01-08,2021-03-30,2638
37584,BEN,FRANKLIN RESOURCES INC,35461310,6282,2021-03-31,2024-12-31,1371
29946,BF,BROWN FORMAN CORP,11563720,5181,2014-01-01,2014-01-07,6
29946,BF,BROWN FORMAN CORP,11563720,2085,2014-01-08,2024-12-31,4010
89138,BG,BUNGE LTD,G1696210,2079,2023-03-15,2023-10-31,230
89138,BG,BUNGE GLOBAL S A,H1135610,2079,2023-11-01,2024-06-25,237
89138,BG,BUNGE GLOBAL S A,H1135610,6719,2024-06-26,2024-12-31,188
16816,BHF,BRIGHTHOUSE FINANCIAL INC,10922N10,9999,2017-08-07,2019-04-02,603
75034,BHGE,BAKER HUGHES INC NEW,05722G10,3533,2017-07-05,2019-10-17,834
75034,BHI,BAKER HUGHES INC,05722410,3533,2014-01-01,2014-01-06,5
75034,BHI,BAKER HUGHES INC,05722410,8741,2014-01-07,2014-03-23,75
75034,BHI,BAKER HUGHES INC,05722410,3533,2014-03-24,2017-07-04,1198
76841,BIIB,BIOGEN IDEC INC,09062X10,2830,2014-01-01,2015-03-23,446
76841,BIIB,BIOGEN INC,09062X10,2836,2015-03-24,2024-12-31,3570
61516,BIO,BIO RAD LABORATORIES INC,09057220,3826,2020-06-22,2024-09-20,1551
16544,BIVV,BIOVERATIV INC,09075E10,9999,2017-02-02,2017-02-02,0
49656,BK,BANK OF NEW YORK MELLON CORP,06405810,6022,2014-01-01,2024-12-31,4017
86783,BKNG,BOOKING HOLDINGS INC,09857L10,7389,2018-02-27,2024-12-31,2499
75034,BKR,BAKER HUGHES CO,05722G10,3533,2019-10-18,2021-12-06,780
75034,BKR,BAKER HUGHES CO,05722G10,3533,2021-12-07,2024-12-31,1120
90720,BLDR,BUILDERS FIRSTSOURCE INC,12008R10,2421,2023-12-18,2024-12-31,379
87267,BLK,BLACKROCK INC,09247X10,6211,2014-01-01,2014-01-15,14
87267,BLK,BLACKROCK INC,09247X10,6282,2014-01-16,2019-11-19,2133
87267,BLK,BLACKROCK INC,09247X10,6211,2019-11-20,2022-08-09,993
87267,BLK,BLACKROCK INC,09247X10,6282,2022-08-10,2024-10-01,783
87267,BLK,BLACKROCK INC NEW,09290D10,6282,2024-10-02,2024-12-31,90
57568,BLL,BALL CORP,05849810,3411,2014-01-01,2022-05-09,3050
43772,BMS,BEMIS CO INC,08143710,2674,2014-01-01,2014-01-06,5
43772,BMS,BEMIS CO INC,08143710,2671,2014-01-07,2014-12-04,331
43772,BMS,BEMIS CO INC,08143710,2671,2019-06-07,2019-06-10,3
19393,BMY,BRISTOL MYERS SQUIBB CO,11012210,2834,2014-01-01,2024-12-31,4017
91849,BR,BROADRIDGE FINANCIAL SOLUTNS INC,11133T10,7389,2018-06-18,2023-08-10,1879
91849,BR,BROADRIDGE FINANCIAL SOLUTNS INC,11133T10,7374,2023-08-11,2024-12-31,508
85963,BRCM,BROADCOM CORP,11132010,3670,2014-01-01,2016-01-29,758
83443,BRK,BERKSHIRE HATHAWAY INC DEL,08467070,6331,2014-01-01,2016-12-18,1082
83443,BRK,BERKSHIRE HATHAWAY INC DEL,08467070,6371,2016-12-19,2021-04-04,1567
83443,BRK,BERKSHIRE HATHAWAY INC DEL,08467070,6331,2021-04-05,2024-12-31,1366
63467,BRO,BROWN & BROWN INC,11523610,6411,2021-09-20,2024-12-31,1198
77605,BSX,BOSTON SCIENTIFIC CORP,10113710,3841,2014-01-01,2024-12-31,4017
88991,BTU,PEABODY ENERGY CORP,70454910,1221,2014-01-01,2014-09-19,261
79545,BWA,BORGWARNER INC,09972410,3714,2014-01-01,2024-12-31,4017
92108,BX,BLACKSTONE INC,09260D10,6282,2023-09-18,2024-12-31,470
15401,BXLT,BAXALTA INC,07177M10,2834,2015-07-01,2016-06-02,337
85058,BXP,BOSTON PROPERTIES INC,10112110,6798,2014-01-01,2024-06-30,3833
85058,BXP,BXP INC,10112110,6798,2024-07-01,2024-12-31,183
70519,C,CITIGROUP INC,17296742,6021,2014-01-01,2014-07-30,210
70519,C,CITIGROUP INC,17296742,6211,2014-07-31,2015-02-04,188
70519,C,CITIGROUP INC,17296742,6021,2015-02-05,2019-06-23,1599
70519,C,CITIGROUP INC,17296742,6211,2019-06-24,2019-09-29,97
70519,C,CITIGROUP INC,17296742,6021,2019-09-30,2024-12-31,1919
25778,CA,C A INC,12673P10,7372,2014-01-01,2018-11-02,1766
56274,CAG,CONAGRA INC,20588710,2096,2014-01-01,2014-01-07,6
56274,CAG,CONAGRA INC,20588710,2099,2014-01-08,2016-11-09,1036
56274,CAG,CONAGRA BRANDS INC,20588710,2099,2016-11-10,2023-07-31,2454
56274,CAG,CONAGRA BRANDS INC,20588710,2038,2023-08-01,2024-12-31,518
21371,CAH,CARDINAL HEALTH INC,14149Y10,5122,2014-01-01,2016-12-21,1085
21371,CAH,CARDINAL HEALTH INC,14149Y10,8099,2016-12-22,2021-03-31,1560
21371,CAH,CARDINAL HEALTH INC,14149Y10,5122,2021-04-01,2024-12-31,1370
81857,CAM,CAMERON INTERNATIONAL CORP,13342B10,3533,2014-01-01,2016-04-01,821
19285,CARR,CARRIER GLOBAL CORP,14448C10,3585,2020-04-03,2024-12-31,1733
18542,CAT,CATERPILLAR INC,14912310,3531,2014-01-01,2014-01-26,25
18542,CAT,CATERPILLAR INC,14912310,3519,2014-01-27,2016-12-07,1045
18542,CAT,CATERPILLAR INC,14912310,3531,2016-12-08,2024-12-31,2945
59192,CB,CHUBB CORP,17123210,6331,2014-01-01,2016-01-14,743
79057,CB,CHUBB LTD,H1467J10,6331,2016-01-15,2024-06-25,3084
79057,CB,CHUBB LTD,H1467J10,6311,2024-06-26,2024-12-31,188
90199,CBG,C B R E GROUP INC,12504L10,6798,2014-01-01,2017-12-25,1454
90199,CBG,C B R E GROUP INC,12504L10,6531,2017-12-26,2018-03-19,83
93429,CBOE,C B O E HOLDINGS INC,12503M10,9999,2017-03-01,2017-10-17,230
93429,CBOE,C B O E GLOBAL MARKETS INC,12503M10,9999,2017-10-18,2018-09-16,333
93429,CBOE,C B O E GLOBAL MARKETS INC,12503M10,6231,2018-09-17,2021-03-28,923
93429,CBOE,C B O E GLOBAL MARKETS INC,12503M10,6211,2021-03-29,2023-08-10,864
93429,CBOE,C B O E GLOBAL MARKETS INC,12503M10,7374,2023-08-11,2024-06-20,314
93429,CBOE,C B O E GLOBAL MARKETS INC,12503M10,6211,2024-06-21,2024-12-31,193
90199,CBRE,C B R E GROUP INC,12504L10,6531,2018-03-20,2024-12-31,2478
76226,CBS,C B S CORP NEW,12485720,4841,2014-01-01,2014-01-07,6
76226,CBS,C B S CORP NEW,12485720,4833,2014-01-08,2019-12-04,2156
70500,CCE,COCA COLA ENTERPRISES INC NEW,19122T10,5651,2014-01-01,2014-02-03,33
70500,CCE,COCA COLA ENTERPRISES INC NEW,19122T10,2086,2014-02-04,2016-05-27,843
86339,CCI,CROWN CASTLE INTERNATIONAL CORP,22822710,4899,2014-01-01,2014-01-01,0
86339,CCI,CROWN CASTLE INTERNATIONAL CORP,22822710,4899,2014-01-02,2014-12-15,347
86339,CCI,CROWN CASTLE INTL CORP NEW,22822V10,4899,2014-12-16,2016-09-25,649
86339,CCI,CROWN CASTLE INTL CORP NEW,22822V10,6798,2016-09-26,2016-12-18,83
86339,CCI,CROWN CASTLE INTL CORP NEW,22822V10,4812,2016-12-19,2021-03-31,1563
86339,CCI,CROWN CASTLE INTL CORP NEW,22822V10,6798,2021-04-01,2022-08-01,487
86339,CCI,CROWN CASTLE INC,22822V10,6798,2022-08-02,2024-12-31,882
75154,CCL,CARNIVAL CORP,14365830,4481,2014-01-01,2021-11-07,2867
75154,CCL,CARNIVAL CORP,14365830,6719,2021-11-08,2024-06-25,960
75154,CCL,CARNIVAL CORP,14365830,4481,2024-06-26,2024-12-31,188
17700,CDAY,CERIDIAN H C M HOLDING INC,15677J10,7372,2021-09-20,2024-01-31,863
11403,CDNS,CADENCE DESIGN SYSTEMS INC,12738710,7372,2017-09-18,2024-12-31,2661
13949,CDW,C D W CORP NEW,12514G10,9999,2019-09-23,2024-12-31,1926
90520,CE,CELANESE CORP DEL,15087010,2819,2018-12-24,2024-12-31,2199
22623,CEG,CONSTELLATION ENERGY CORP,21037T10,9999,2022-02-02,2024-12-31,1063
11552,CELG,CELGENE CORP,15102010,2890,2014-01-01,2019-11-20,2149
10909,CERN,CERNER CORP,15678210,7373,2014-01-01,2022-06-07,3079
90829,CF,C F INDUSTRIES HOLDINGS INC,12526910,2873,2014-01-01,2024-12-31,4017
14889,CFG,CITIZENS FINANCIAL GROUP INC,17461010,6712,2016-02-01,2018-11-01,1004
14889,CFG,CITIZENS FINANCIAL GROUP INC,17461010,6022,2018-11-02,2019-10-10,342
14889,CFG,CITIZENS FINANCIAL GROUP INC,17461010,6712,2019-10-11,2024-06-24,1718
14889,CFG,CITIZENS FINANCIAL GROUP INC,17461010,6022,2024-06-25,2024-12-31,189
92988,CFN,CAREFUSION CORP,14170T10,3841,2014-01-01,2015-03-16,439
23393,CHD,CHURCH & DWIGHT INC,17134010,2841,2015-12-29,2024-12-31,3290
78877,CHK,CHESAPEAKE ENERGY CORP,16516710,1311,2014-01-01,2016-12-26,1090
78877,CHK,CHESAPEAKE ENERGY CORP,16516710,1321,2016-12-27,2018-03-16,444
85459,CHRW,CH ROBINSON WORLDWIDE INC,12541W20,4731,2014-01-01,2024-12-31,4017
12308,CHTR,CHARTER COMMUNICATIONS INC NEW,16119P10,4841,2016-09-08,2024-12-31,3036
64186,CI,CIGNA CORP,12550910,6324,2014-01-01,2018-12-20,1814
64186,CI,CIGNA CORP NEW,12552310,6324,2018-12-21,2023-02-22,1524
64186,CI,CIGNA GROUP,12552310,6324,2023-02-23,2024-12-31,677
23473,CINF,CINCINNATI FINANCIAL CORP,17206210,6330,2014-01-01,2024-12-31,4017
18729,CL,COLGATE PALMOLIVE CO,19416210,2844,2014-01-01,2024-12-31,4017
27422,CLF,CLIFFS NATURAL RESOURCES INC,18683K10,1011,2014-01-01,2014-01-06,5
27422,CLF,CLIFFS NATURAL RESOURCES INC,18683K10,1081,2014-01-07,2014-04-01,84
46578,CLX,CLOROX CO,18905410,2842,2014-01-01,2024-12-31,4017
25081,CMA,COMERICA INC,20034010,6021,2014-01-01,2024-06-21,3824
89525,CMCSA,COMCAST CORP NEW,20030N10,4841,2014-01-01,2024-12-31,4017
89565,CMCSK,COMCAST CORP NEW,20030N20,4841,2015-09-21,2015-12-11,81
89626,CME,C M E GROUP INC,12572Q10,6200,2014-01-01,2024-12-31,4017
91068,CMG,CHIPOTLE MEXICAN GRILL INC,16965610,5812,2014-01-01,2024-12-31,4017
41080,CMI,CUMMINS INC,23102110,3519,2014-01-01,2024-12-31,4017
23229,CMS,C M S ENERGY CORP,12589610,4931,2014-01-01,2016-12-18,1082
23229,CMS,C M S ENERGY CORP,12589610,4911,2016-12-19,2021-03-31,1563
23229,CMS,C M S ENERGY CORP,12589610,4931,2021-04-01,2024-12-31,1370
89269,CNC,CENTENE CORP DEL,15135B10,6324,2016-03-30,2024-12-31,3198
21792,CNP,CENTERPOINT ENERGY INC,15189T10,4931,2014-01-01,2016-12-20,1084
21792,CNP,CENTERPOINT ENERGY INC,15189T10,4911,2016-12-21,2021-03-31,1561
21792,CNP,CENTERPOINT ENERGY INC,15189T10,4924,2021-04-01,2024-12-31,1370
86799,CNX,CONSOL ENERGY INC,20854P10,1221,2014-01-01,2016-03-03,792
81055,COF,CAPITAL ONE FINANCIAL CORP,14040H10,6712,2014-01-01,2014-01-06,5
81055,COF,CAPITAL ONE FINANCIAL CORP,14040H10,6021,2014-01-07,2020-08-26,2423
81055,COF,CAPITAL ONE FINANCIAL CORP,14040H10,6712,2020-08-27,2022-11-01,796
81055,COF,CAPITAL ONE FINANCIAL CORP,14040H10,6021,2022-11-02,2024-12-31,790
76082,COG,CABOT OIL & GAS CORP,12709710,1311,2014-01-01,2021-10-03,2832
88661,COH,COACH INC,18975410,3911,2014-01-01,2015-06-01,516
88661,COH,COACH INC,18975410,3199,2015-06-02,2017-10-30,881
89014,COL,ROCKWELL COLLINS INC,77434110,3728,2014-01-01,2018-11-26,1790
65541,COO,COOPER COMPANIES INC,21664840,3851,2016-09-23,2023-09-25,2558
65541,COO,COOPER COMPANIES INC,21664840,3851,2023-09-26,2024-02-19,146
65541,COO,COOPER COMPANIES INC,21664850,3851,2024-02-20,2024-12-31,315
13928,COP,CONOCOPHILLIPS,20825C10,2911,2014-01-01,2014-01-30,29
13928,COP,CONOCOPHILLIPS,20825C10,1382,2014-01-31,2024-12-31,3987
81540,COR,CENCORA INC,03073E10,5122,2023-08-30,2024-12-31,489
87055,COST,COSTCO WHOLESALE CORP NEW,22160K10,5330,2014-01-01,2024-12-31,4017
13983,COTY,COTY INC,22207020,2844,2016-10-03,2018-04-03,547
13983,COTY,COTY INC,22207020,5999,2018-04-04,2018-05-14,40
13983,COTY,COTY INC,22207020,2844,2018-05-15,2020-09-18,857
92156,COV,COVIDIEN PLC,G2554F11,3841,2014-01-01,2015-01-26,390
12449,CPAY,CORPAY INC,21994810,7389,2024-03-25,2024-12-31,281
25320,CPB,CAMPBELL SOUP CO,13442910,2032,2014-01-01,2019-10-23,2121
25320,CPB,CAMPBELL SOUP CO,13442910,2038,2019-10-24,2024-08-18,1760
25320,CPB,CAMPBELL SOUP CO,13442910,2000,2024-08-19,2024-11-21,94
25320,CPB,CAMPBELLS CO,13442910,2000,2024-11-22,2024-12-31,39
15404,CPGX,COLUMBIA PIPELINE GROUP INC,19828010,4922,2015-07-02,2016-06-30,364
13142,CPRI,CAPRI HOLDINGS LTD,G1890L10,5137,2019-01-02,2020-05-11,495
80320,CPRT,COPART INC,21720410,5010,2018-07-02,2024-12-31,2374
79452,CPT,CAMDEN PROPERTY TRUST,13313110,6798,2022-04-04,2024-12-31,1002
88281,CRL,CHARLES RIVER LABS INTL INC,15986410,8734,2021-05-14,2024-12-31,1327
90215,CRM,SALESFORCE COM INC,79466L30,7372,2014-01-01,2022-04-03,3014
90215,CRM,SALESFORCE INC,79466L30,7372,2022-04-04,2024-12-31,1002
18726,CRWD,CROWDSTRIKE HOLDINGS INC,22788C10,9999,2024-06-24,2024-12-31,190
40125,CSC,COMPUTER SCIENCES CORP,20536310,7373,2014-01-01,2014-01-09,8
40125,CSC,COMPUTER SCIENCES CORP,20536310,7376,2014-01-10,2015-06-30,536
40125,CSC,COMPUTER SCIENCES CORP,20536310,7373,2015-07-01,2015-11-30,152
76076,CSCO,CISCO SYSTEMS INC,17275R10,3674,2014-01-01,2024-12-31,4017
86288,CSGP,COSTAR GROUP INC,22160N10,6531,2022-09-19,2024-12-31,834
15797,CSRA,C S R A INC,12650T10,7374,2015-11-30,2018-04-03,855
62148,CSX,C S X CORP,12640810,4011,2014-01-01,2015-12-21,719
62148,CSX,C S X CORP,12640810,4011,2015-12-22,2024-12-31,3297
23660,CTAS,CINTAS CORP,17290810,2320,2014-01-01,2024-12-31,4017
60599,CTL,CENTURYLINK INC,15670010,4813,2014-01-01,2020-09-17,2451
14763,CTLT,CATALENT INC,14880610,2834,2020-09-21,2024-12-17,1548
76082,CTRA,COTERRA ENERGY INC,12709710,1311,2021-10-04,2024-12-31,1184
86158,CTSH,COGNIZANT TECHNOLOGY SOLS CORP,19244610,7370,2014-01-01,2024-12-31,4017
18592,CTVA,CORTEVA INC,22052L10,721,2019-06-03,2024-12-31,2038
82686,CTXS,CITRIX SYSTEMS INC,17737610,7370,2014-01-01,2022-09-29,3193
68857,CVC,CABLEVISION SYSTEMS CORP,12686C10,4841,2014-01-01,2016-06-21,902
18327,CVET,COVETRUS INC,22304C10,9999,2019-02-08,2019-02-08,0
17005,CVS,C V S CAREMARK CORP,12665010,5912,2014-01-01,2014-09-03,245
17005,CVS,C V S HEALTH CORP,12665010,5912,2014-09-04,2024-12-31,3771
14541,CVX,CHEVRON CORP NEW,16676410,2911,2014-01-01,2016-12-18,1082
14541,CVX,CHEVRON CORP NEW,16676410,1311,2016-12-19,2021-03-31,1563
14541,CVX,CHEVRON CORP NEW,16676410,5541,2021-04-01,2023-07-24,844
14541,CVX,CHEVRON CORP NEW,16676410,2911,2023-07-25,2024-12-31,525
92239,CXO,CONCHO RESOURCES INC,20605P10,1311,2016-02-22,2016-12-18,300
92239,CXO,CONCHO RESOURCES INC,20605P10,1382,2016-12-19,2020-11-17,1429
92239,CXO,CONCHO RESOURCES INC,20605P10,1311,2020-11-18,2021-01-15,58
14882,CZR,CAESARS ENTERTAINMENT INC DE,12769G10,9999,2021-03-22,2024-12-31,1380
64936,D,DOMINION RESOURCES INC VA NEW,25746U10,4922,2014-01-01,2014-01-16,15
64936,D,DOMINION RESOURCES INC VA NEW,25746U10,4911,2014-01-17,2017-05-10,1209
64936,D,DOMINION ENERGY INC,25746U10,4911,2017-05-11,2022-07-12,1888
64936,D,DOMINION ENERGY INC,25746U10,1311,2022-07-13,2024-12-31,902
91926,DAL,DELTA AIR LINES INC,24736170,4512,2014-01-01,2024-12-31,4017
17700,DAY,DAYFORCE INC,15677J10,7372,2024-02-01,2024-12-31,334
11703,DD,DU PONT E I DE NEMOURS & CO,26353410,2821,2014-01-01,2014-01-28,27
11703,DD,DU PONT E I DE NEMOURS & CO,26353410,2879,2014-01-29,2017-08-31,1310
16851,DD,DUPONT DE NEMOURS INC,26614N10,5191,2019-06-03,2020-03-25,296
16851,DD,DUPONT DE NEMOURS INC,26614N10,2821,2020-03-26,2024-12-31,1741
19350,DE,DEERE & CO,24419910,3523,2014-01-01,2024-12-31,4017
79686,DECK,DECKERS OUTDOOR CORP,24353710,2389,2024-03-18,2024-12-31,288
18267,DELL,DELL TECHNOLOGIES INC,24703L20,3571,2024-09-23,2024-12-31,99
92121,DFS,DISCOVER FINANCIAL SERVICES,25470910,6141,2014-01-01,2014-01-06,5
92121,DFS,DISCOVER FINANCIAL SERVICES,25470910,6022,2014-01-07,2016-12-21,1079
92121,DFS,DISCOVER FINANCIAL SERVICES,25470910,6153,2016-12-22,2017-03-09,77
92121,DFS,DISCOVER FINANCIAL SERVICES,25470910,6141,2017-03-10,2017-04-25,46
92121,DFS,DISCOVER FINANCIAL SERVICES,25470910,6163,2017-04-26,2021-02-15,1391
92121,DFS,DISCOVER FINANCIAL SERVICES,25470910,6022,2021-02-16,2024-12-31,1414
93096,DG,DOLLAR GENERAL CORP NEW,25667710,5331,2014-01-01,2024-12-31,4017
84373,DGX,QUEST DIAGNOSTICS INC,74834L10,8071,2014-01-01,2024-12-31,4017
77661,DHI,D R HORTON INC,23331A10,1531,2014-01-01,2024-12-31,4017
49680,DHR,DANAHER CORP,23585110,3823,2014-01-01,2016-12-21,1085
49680,DHR,DANAHER CORP,23585110,5047,2016-12-22,2021-03-31,1560
49680,DHR,DANAHER CORP,23585110,3829,2021-04-01,2024-12-31,1370
26403,DIS,DISNEY WALT CO,25468710,7996,2014-01-01,2014-01-26,25
26403,DIS,DISNEY WALT CO,25468710,4841,2014-01-27,2016-12-18,1056
26403,DIS,DISNEY WALT CO,25468710,7313,2016-12-19,2021-02-28,1532
26403,DIS,DISNEY WALT CO,25468710,4833,2021-03-01,2024-06-27,1214
26403,DIS,DISNEY WALT CO,25468710,7996,2024-06-28,2024-12-31,186
90805,DISCA,DISCOVERY COMMUNICATIONS INC,25470F10,4841,2014-01-01,2018-04-01,1551
90805,DISCA,DISCOVERY INC,25470F10,4841,2018-04-02,2022-04-08,1467
92778,DISCK,DISCOVERY COMMUNICATIONS INC,25470F30,4841,2014-08-07,2018-04-01,1333
92778,DISCK,DISCOVERY INC,25470F30,4841,2018-04-02,2022-04-08,1467
81696,DISH,DISH NETWORK CORP,25470M10,4841,2017-03-13,2023-06-16,2286
13103,DLPH,DELPHI AUTOMOTIVE PLC,G2782310,5013,2014-01-01,2016-01-11,740
13103,DLPH,DELPHI AUTOMOTIVE PLC,G2782310,3714,2016-01-12,2017-12-04,692
90373,DLR,DIGITAL REALTY TRUST INC,25386810,6798,2016-05-18,2024-12-31,3149
81481,DLTR,DOLLAR TREE INC,25674610,5331,2014-01-01,2024-12-31,4017
88590,DNB,DUN & BRADSTREET CORP DEL NEW,26483E10,7323,2014-01-01,2017-01-10,1105
88590,DNB,DUN & BRADSTREET CORP DEL NEW,26483E10,7374,2017-01-11,2017-03-28,76
88590,DNB,DUN & BRADSTREET CORP DEL NEW,26483E10,8999,2017-03-29,2017-04-04,6
82196,DNR,DENBURY RESOURCES INC,24791620,1311,2014-01-01,2015-03-20,443
82298,DO,DIAMOND OFFSHORE DRILLING INC,25271C10,1381,2014-01-01,2016-09-30,1003
67598,DOC,HEALTHPEAK PROPERTIES INC,42250P10,6798,2024-03-04,2024-12-31,302
25953,DOV,DOVER CORP,26000310,3534,2014-01-01,2014-01-30,29
25953,DOV,DOVER CORP,26000310,3632,2014-01-31,2017-01-25,1090
25953,DOV,DOVER CORP,26000310,3999,2017-01-26,2021-03-31,1525
25953,DOV,DOVER CORP,26000310,3585,2021-04-01,2024-12-31,1370
20626,DOW,DOW CHEMICAL CO,26054310,2821,2014-01-01,2017-08-31,1338
18428,DOW,DOW INC,26055710,6799,2019-04-02,2019-12-22,264
18428,DOW,DOW INC,26055710,2821,2019-12-23,2024-12-31,1835
92618,DPS,DR PEPPER SNAPPLE GROUP INC,26138E10,2086,2014-01-01,2018-06-29,1640
90248,DPZ,DOMINOS PIZZA INC,25754A20,5812,2020-05-12,2024-06-20,1500
90248,DPZ,DOMINOS PIZZA INC,25754A20,5149,2024-06-21,2024-12-31,193
75341,DRE,DUKE REALTY CORP,26441150,6798,2017-07-26,2022-09-30,1892
81655,DRI,DARDEN RESTAURANTS INC,23719410,5812,2014-01-01,2024-12-31,4017
11674,DTE,D T E ENERGY CO,23333110,4911,2014-01-01,2024-12-31,4017
89954,DTV,DIRECTV,25490A30,4899,2014-01-01,2015-07-24,569
27959,DUK,DUKE ENERGY CORP NEW,26441C20,4911,2014-01-01,2024-12-31,4017
82307,DVA,DAVITA HEALTHCARE PARTNERS INC,23918K10,8092,2014-01-01,2014-01-07,6
82307,DVA,DAVITA HEALTHCARE PARTNERS INC,23918K10,8099,2014-01-08,2016-08-31,966
82307,DVA,DAVITA INC,23918K10,8099,2016-09-01,2021-03-30,1671
82307,DVA,DAVITA INC,23918K10,8092,2021-03-31,2024-12-31,1371
16267,DVMT,DELL TECHNOLOGIES INC,24703L10,3824,2016-09-07,2016-09-07,0
87137,DVN,DEVON ENERGY CORP NEW,25179M10,1311,2014-01-01,2016-12-18,1082
87137,DVN,DEVON ENERGY CORP NEW,25179M10,1382,2016-12-19,2020-02-26,1164
87137,DVN,DEVON ENERGY CORP NEW,25179M10,1311,2020-02-27,2024-12-31,1769
16851,DWDP,DOWDUPONT INC,26078J10,2821,2017-09-01,2019-06-02,639
40125,DXC,D X C TECHNOLOGY CO,23355L10,7372,2017-04-04,2017-07-12,99
40125,DXC,D X C TECHNOLOGY CO,23355L10,7376,2017-07-13,2021-03-16,1342
40125,DXC,D X C TECHNOLOGY CO,23355L10,7373,2021-03-17,2023-10-02,929
90664,DXCM,DEXCOM INC,25213110,3841,2020-05-12,2024-12-31,1694
75828,EA,ELECTRONIC ARTS INC,28551210,7372,2014-01-01,2024-12-31,4017
86356,EBAY,EBAY INC,27864210,7389,2014-01-01,2024-12-31,4017
70578,ECL,ECOLAB INC,27886510,2841,2014-01-01,2017-03-09,1163
70578,ECL,ECOLAB INC,27886510,3822,2017-03-10,2021-03-31,1482
70578,ECL,ECOLAB INC,27886510,2841,2021-04-01,2024-12-31,1370
11404,ED,CONSOLIDATED EDISON INC,20911510,4931,2014-01-01,2016-12-18,1082
11404,ED,CONSOLIDATED EDISON INC,20911510,4911,2016-12-19,2021-03-28,1560
11404,ED,CONSOLIDATED EDISON INC,20911510,4931,2021-03-29,2024-12-31,1373
52476,EFX,EQUIFAX INC,29442910,7323,2014-01-01,2021-03-31,2646
52476,EFX,EQUIFAX INC,29442910,7389,2021-04-01,2024-12-31,1370
82303,EG,EVEREST GROUP LTD,G3223R10,6331,2023-07-10,2024-12-31,540
15720,EIX,EDISON INTERNATIONAL,28102010,4911,2014-01-01,2024-12-31,4017
82642,EL,LAUDER ESTEE COS INC,51843910,2844,2014-01-01,2024-12-31,4017
89179,ELV,ELEVANCE HEALTH INC,03675210,6321,2022-06-28,2024-12-31,917
10147,EMC,E M C CORP MA,26864810,3572,2014-01-01,2016-09-06,979
80080,EMN,EASTMAN CHEMICAL CO,27743210,2821,2014-01-01,2021-03-31,2646
80080,EMN,EASTMAN CHEMICAL CO,27743210,2869,2021-04-01,2024-12-31,1370
22103,EMR,EMERSON ELECTRIC CO,29101110,3629,2014-01-01,2014-01-07,6
22103,EMR,EMERSON ELECTRIC CO,29101110,3699,2014-01-08,2017-01-10,1098
22103,EMR,EMERSON ELECTRIC CO,29101110,3543,2017-01-11,2021-03-31,1540
22103,EMR,EMERSON ELECTRIC CO,29101110,3491,2021-04-01,2024-12-31,1370
88436,ENDP,ENDO INTERNATIONAL PLC,G3040110,2834,2015-01-27,2017-03-01,764
13323,ENPH,ENPHASE ENERGY INC,29355A10,9999,2021-01-07,2024-12-31,1454
75825,EOG,EOG RESOURCES INC,26875P10,1311,2014-01-01,2016-12-18,1082
75825,EOG,EOG RESOURCES INC,26875P10,1382,2016-12-19,2024-06-30,2750
75825,EOG,EOG RESOURCES INC,26875P10,1311,2024-07-01,2024-12-31,183
13210,EPAM,EPAM SYSTEMS INC,29414B10,7371,2021-12-14,2024-12-31,1113
89617,EQIX,EQUINIX INC,29444U70,4813,2015-03-23,2024-12-31,3571
79547,EQR,EQUITY RESIDENTIAL,29476L10,6798,2014-01-01,2024-12-31,4017
24328,EQT,E Q T CORP,26884L10,4923,2014-01-01,2016-12-21,1085
24328,EQT,E Q T CORP,26884L10,1382,2016-12-22,2017-07-12,202
24328,EQT,E Q T CORP,26884L10,1311,2017-07-13,2018-11-12,487
24328,EQT,E Q T CORP,26884L10,1311,2022-10-03,2024-12-31,820
82486,ERIE,ERIE INDEMNITY CO,29530P10,6410,2024-09-23,2024-12-31,99
44206,ES,EVERSOURCE ENERGY,30040W10,4911,2015-02-19,2016-12-18,668
44206,ES,EVERSOURCE ENERGY,30040W10,4932,2016-12-19,2017-01-24,36
44206,ES,EVERSOURCE ENERGY,30040W10,4911,2017-01-25,2017-03-09,43
44206,ES,EVERSOURCE ENERGY,30040W10,4932,2017-03-10,2019-01-17,678
44206,ES,EVERSOURCE ENERGY,30040W10,4911,2019-01-18,2021-02-28,772
44206,ES,EVERSOURCE ENERGY,30040W10,4924,2021-03-01,2024-12-31,1401
77668,ESRX,EXPRESS SCRIPTS HOLDING CO,30219G10,8093,2014-01-01,2018-12-20,1814
80681,ESS,ESSEX PROPERTY TRUST INC,29717810,6798,2014-04-02,2024-12-31,3926
93159,ESV,E N S C O PLC NEW,G3157S10,1381,2014-01-01,2016-03-29,818
83862,ETFC,E TRADE FINANCIAL CORP,26924640,6211,2014-01-01,2020-10-01,2465
11762,ETN,EATON CORP PLC,G2918310,3569,2014-01-01,2016-06-22,903
11762,ETN,EATON CORP PLC,G2918310,3629,2016-06-23,2020-02-17,1334
11762,ETN,EATON CORP PLC,G2918310,3679,2020-02-18,2021-03-28,404
11762,ETN,EATON CORP PLC,G2918310,3629,2021-03-29,2022-06-07,435
11762,ETN,EATON CORP PLC,G2918310,8742,2022-06-08,2024-12-31,937
24010,ETR,ENTERGY CORP NEW,29364G10,4911,2014-01-01,2014-01-08,7
24010,ETR,ENTERGY CORP NEW,29364G10,4931,2014-01-09,2015-06-30,537
24010,ETR,ENTERGY CORP NEW,29364G10,4911,2015-07-01,2024-12-31,3471
15291,ETSY,ETSY INC,29786A10,9999,2020-09-21,2024-09-20,1460
85675,EVHC,ENVISION HEALTHCARE CORP,29414D10,8099,2016-12-02,2017-04-16,135
85675,EVHC,ENVISION HEALTHCARE CORP,29414D10,8011,2017-04-17,2018-10-10,541
24053,EVRG,EVERGY INC,30034W10,4931,2018-06-05,2022-12-27,1666
24053,EVRG,EVERGY INC,30034W10,4931,2022-12-28,2024-12-31,734
87657,EW,EDWARDS LIFESCIENCES CORP,28176E10,3842,2014-01-01,2024-12-31,4017
21776,EXC,EXELON CORP,30161N10,4931,2014-01-01,2016-12-18,1082
21776,EXC,EXELON CORP,30161N10,4911,2016-12-19,2019-09-24,1009
21776,EXC,EXELON CORP,30161N10,4911,2019-09-25,2024-12-31,1924
87717,EXPD,EXPEDITORS INTERNATIONAL WA INC,30213010,4730,2014-01-01,2023-11-20,3610
87717,EXPD,EXPEDITORS INTERNATIONAL WA INC,30213010,4731,2023-11-21,2024-12-31,406
90808,EXPE,EXPEDIA INC DE,30212P30,4833,2014-01-01,2018-03-26,1545
90808,EXPE,EXPEDIA GROUP INC,30212P30,4833,2018-03-27,2024-12-31,2471
90305,EXR,EXTRA SPACE STORAGE INC,30225T10,6798,2016-01-19,2017-06-26,524
90305,EXR,EXTRA SPACE STORAGE INC,30225T10,8999,2017-06-27,2022-03-27,1734
90305,EXR,EXTRA SPACE STORAGE INC,30225T10,4225,2022-03-28,2024-12-31,1009
25785,F,FORD MOTOR CO DEL,34537086,3711,2014-01-01,2024-12-31,4017
13641,FANG,DIAMONDBACK ENERGY INC,25278X10,9999,2018-12-03,2024-12-31,2220
11618,FAST,FASTENAL CO,31190010,5200,2014-01-01,2024-12-31,4017
13407,FB,FACEBOOK INC,30303M10,7375,2014-01-01,2019-09-16,2084
13407,FB,FACEBOOK INC,30303M10,7373,2019-09-17,2020-01-02,107
13407,FB,FACEBOOK INC,30303M10,7375,2020-01-03,2021-10-31,667
13407,FB,META PLATFORMS INC,30303M10,7375,2021-11-01,2022-06-08,219
12981,FBHS,FORTUNE BRANDS HOME & SECUR INC,34964C10,3429,2016-06-24,2017-04-09,289
12981,FBHS,FORTUNE BRANDS HOME & SECUR INC,34964C10,5039,2017-04-10,2019-11-18,952
12981,FBHS,FORTUNE BRANDS HOME & SECUR INC,34964C10,2531,2019-11-19,2021-12-20,762
12981,FBHS,FORTUNE BRANDS HOME & SECUR INC,34964C10,3429,2021-12-21,2022-12-14,358
12981,FBIN,FORTUNE BRANDS INNOVATIONS INC,34964C10,3429,2022-12-15,2022-12-16,1
15719,FCPT,FOUR CORNERS PROPERTY TRUST INC,35086T10,6798,2015-11-10,2015-11-10,0
81774,FCX,FREEPORT MCMORAN COPPER & GOLD,35671D85,1021,2014-01-01,2014-07-13,193
81774,FCX,FREEPORT MCMORAN INC,35671D85,1021,2014-07-14,2020-11-17,2318
81774,FCX,FREEPORT MCMORAN INC,35671D85,2874,2020-11-18,2020-12-27,39
81774,FCX,FREEPORT MCMORAN INC,35671D85,1021,2020-12-28,2024-12-31,1464
53866,FDO,FAMILY DOLLAR STORES INC,30700010,5331,2014-01-01,2015-07-06,551
83597,FDS,FACTSET RESEARCH SYSTEMS INC,30307510,7374,2021-12-20,2024-12-31,1107
60628,FDX,FEDEX CORP,31428X10,4513,2014-01-01,2024-12-31,4017
23026,FE,FIRSTENERGY CORP,33793210,4911,2014-01-01,2024-12-31,4017
86964,FFIV,F 5 NETWORKS INC,31561610,7372,2014-01-01,2021-11-15,2875
86964,FFIV,F 5 INC,31561610,7372,2021-11-16,2024-12-31,1141
10696,FI,FISERV INC,33773810,7374,2023-06-07,2024-12-31,573
11533,FICO,FAIR ISAAC CORP,30325010,7389,2023-03-20,2024-12-31,652
89003,FIS,FIDELITY NATIONAL INFO SVCS INC,31620M10,7389,2014-01-01,2014-01-29,28
89003,FIS,FIDELITY NATIONAL INFO SVCS INC,31620M10,7374,2014-01-30,2021-04-04,2621
89003,FIS,FIDELITY NATIONAL INFO SVCS INC,31620M10,7389,2021-04-05,2024-12-31,1366
10696,FISV,FISERV INC,33773810,7370,2014-01-01,2023-06-06,3443
34746,FITB,FIFTH THIRD BANCORP,31677310,6711,2014-01-01,2024-12-31,4017
15456,FL,FOOT LOCKER INC,34484910,5661,2016-04-04,2019-08-08,1221
79265,FLIR,FLIR SYSTEMS INC,30244510,3810,2014-01-01,2021-05-13,2689
88853,FLR,FLUOR CORP NEW,34341210,1623,2014-01-01,2014-01-06,5
88853,FLR,FLUOR CORP NEW,34341210,8711,2014-01-07,2019-06-03,1973
30940,FLS,FLOWSERVE CORP,34354P10,3561,2014-01-01,2021-03-19,2634
12449,FLT,FLEETCOR TECHNOLOGIES INC,33904110,7389,2018-06-20,2024-03-24,2104
19166,FMC,F M C CORP,30249130,3533,2014-01-01,2014-01-09,8
19166,FMC,F M C CORP,30249130,2899,2014-01-10,2021-03-30,2636
19166,FMC,F M C CORP,30249130,5169,2021-03-31,2021-05-04,34
19166,FMC,F M C CORP,30249130,2812,2021-05-05,2024-12-31,1336
79089,FOSL,FOSSIL GROUP INC,34988V10,3873,2014-01-01,2016-01-04,733
90442,FOX,TWENTY FIRST CENTURY FOX INC,90130A20,2711,2015-09-21,2019-03-18,1274
18421,FOX,FOX CORP,35137L20,9999,2019-03-19,2024-12-31,2114
90441,FOXA,TWENTY FIRST CENTURY FOX INC,90130A10,2711,2014-01-01,2019-03-18,1902
18420,FOXA,FOX CORP,35137L10,9999,2019-03-19,2024-12-31,2114
12448,FRC,FIRST REPUBLIC BANK S F NEW,33616C10,6022,2019-01-02,2021-04-04,823
12448,FRC,FIRST REPUBLIC BANK S F NEW,33616C10,6029,2021-04-05,2023-04-28,753
58413,FRT,FEDERAL REALTY INVESTMENT TRUST,31374720,6798,2016-02-01,2022-01-02,2162
58413,FRT,FEDERAL REALTY INVESTMENT TR NEW,31374510,6798,2022-01-03,2024-12-31,1093
45241,FRX,FOREST LABS INC,34583810,2834,2014-01-01,2014-06-30,180
91611,FSLR,FIRST SOLAR INC,33643310,3674,2014-01-01,2017-03-17,1171
91611,FSLR,FIRST SOLAR INC,33643310,3674,2022-12-19,2024-12-31,743
89004,FTI,F M C TECHNOLOGIES INC,30249U10,3533,2014-01-01,2017-01-13,1108
16538,FTI,TECHNIPFMC PLC,G8711010,3533,2017-01-17,2017-10-23,279
16538,FTI,TECHNIPFMC PLC,G8711010,1389,2017-10-24,2021-02-11,1206
93132,FTNT,FORTINET INC,34959E10,9999,2018-10-11,2024-12-31,2273
23887,FTR,FRONTIER COMMUNICATIONS CORP,35906A10,4931,2014-01-01,2017-03-17,1171
23942,FTRE,FORTREA HOLDINGS INC,34965K10,9999,2023-07-03,2023-07-05,2
16087,FTV,FORTIVE CORP,34959J10,3823,2016-07-05,2017-01-10,189
16087,FTV,FORTIVE CORP,34959J10,3559,2017-01-11,2017-07-27,197
16087,FTV,FORTIVE CORP,34959J10,3679,2017-07-28,2021-03-30,1341
16087,FTV,FORTIVE CORP,34959J10,3823,2021-03-31,2024-12-31,1371
15553,GAS,A G L RESOURCES INC,00120410,4924,2014-01-01,2016-06-30,911
47941,GCI,GANNETT CO INC,36473010,2711,2014-01-01,2015-06-28,543
12052,GD,GENERAL DYNAMICS CORP,36955010,3731,2014-01-01,2014-01-21,20
12052,GD,GENERAL DYNAMICS CORP,36955010,3721,2014-01-22,2024-12-31,3996
15315,GDDY,GODADDY INC,38023710,7373,2024-06-24,2024-12-31,190
12060,GE,GENERAL ELECTRIC CO,36960410,4813,2014-01-01,2014-01-07,6
12060,GE,GENERAL ELECTRIC CO,36960410,3511,2014-01-08,2021-08-01,2762
12060,GE,GENERAL ELECTRIC CO,36960430,3511,2021-08-02,2024-12-31,1247
23570,GEHC,G E HEALTHCARE TECHNOLOGIES INC,36266G10,9999,2023-01-04,2024-12-31,727
75607,GEN,GEN DIGITAL INC,66877110,7372,2022-11-08,2024-12-31,784
24878,GEV,G E VERNOVA INC,36828A10,4911,2024-04-02,2024-12-31,273
79129,GGP,GENERAL GROWTH PPTYS INC NEW,37002310,6798,2014-01-01,2017-01-26,1121
79129,GGP,G G P INC,36174X10,6798,2017-01-27,2018-08-27,577
53225,GHC,GRAHAM HOLDINGS CO,38463710,2711,2014-01-01,2014-09-19,261
77274,GILD,GILEAD SCIENCES INC,37555810,2830,2014-01-01,2024-12-31,4017
17144,GIS,GENERAL MILLS INC,37033410,2043,2014-01-01,2014-01-09,8
17144,GIS,GENERAL MILLS INC,37033410,2041,2014-01-10,2021-04-04,2641
17144,GIS,GENERAL MILLS INC,37033410,2099,2021-04-05,2024-12-31,1366
62308,GL,GLOBE LIFE INC,37959E10,6311,2019-08-09,2020-05-03,268
62308,GL,GLOBE LIFE INC,37959E10,6321,2020-05-04,2024-06-30,1518
62308,GL,GLOBE LIFE INC,37959E10,6311,2024-07-01,2024-12-31,183
22293,GLW,CORNING INC,21935010,3357,2014-01-01,2021-04-04,2650
22293,GLW,CORNING INC,21935010,3229,2021-04-05,2024-12-31,1366
12369,GM,GENERAL MOTORS CO,37045V10,3711,2014-01-01,2024-12-31,4017
79588,GMCR,KEURIG GREEN MOUNTAIN INC,49271M10,2095,2014-03-24,2016-03-02,709
89301,GME,GAMESTOP CORP NEW,36467W10,5734,2014-01-01,2014-09-23,265
89301,GME,GAMESTOP CORP NEW,36467W10,5945,2014-09-24,2016-04-22,576
93246,GNRC,GENERAC HOLDINGS INC,36873610,3621,2021-03-22,2024-12-31,1380
90162,GNW,GENWORTH FINANCIAL INC,37247D10,6311,2014-01-01,2015-11-17,685
90319,GOOG,GOOGLE INC,38259P50,7375,2014-01-01,2014-04-02,91
14542,GOOG,GOOGLE INC,38259P70,7375,2014-04-03,2015-10-04,549
14542,GOOG,ALPHABET INC,02079K10,7375,2015-10-05,2024-12-31,3375
90319,GOOGL,GOOGLE INC,38259P50,7375,2014-04-03,2015-10-04,549
90319,GOOGL,ALPHABET INC,02079K30,7375,2015-10-05,2024-12-31,3375
46674,GPC,GENUINE PARTS CO,37246010,5013,2014-01-01,2024-12-31,4017
88873,GPN,GLOBAL PAYMENTS INC,37940X10,7389,2016-04-25,2023-02-05,2477
88873,GPN,GLOBAL PAYMENTS INC,37940X10,7372,2023-02-06,2024-06-30,510
88873,GPN,GLOBAL PAYMENTS INC,37940X10,7374,2024-07-01,2024-12-31,183
59010,GPS,GAP INC,36476010,5651,2014-01-01,2022-02-02,2954
88837,GRMN,GARMIN LTD,H2906T10,3812,2014-01-01,2021-12-06,2896
88837,GRMN,GARMIN LTD,H2906T10,6722,2021-12-07,2024-12-31,1120
86868,GS,GOLDMAN SACHS GROUP INC,38141G10,6211,2014-01-01,2024-12-31,4017
16432,GT,GOODYEAR TIRE & RUBBER CO,38255010,3011,2014-01-01,2019-02-26,1882
18065,GTX,GARRETT MOTION INC,36650510,3724,2018-10-01,2018-10-01,0
52695,GWW,GRAINGER W W INC,38480210,5063,2014-01-01,2017-04-17,1202
52695,GWW,GRAINGER W W INC,38480210,5961,2017-04-18,2020-11-17,1309
52695,GWW,GRAINGER W W INC,38480210,5085,2020-11-18,2024-12-31,1504
23819,HAL,HALLIBURTON CO,40621610,1389,2014-01-01,2024-12-31,4017
75224,HAR,HARMAN INTL INDS INC NEW,41308610,3651,2014-01-01,2016-12-21,1085
75224,HAR,HARMAN INTL INDS INC NEW,41308610,3714,2016-12-22,2017-03-10,78
52978,HAS,HASBRO INC,41805610,3944,2014-01-01,2024-12-31,4017
42906,HBAN,HUNTINGTON BANCSHARES INC,44615010,6020,2014-01-01,2024-12-31,4017
91416,HBI,HANESBRANDS INC,41034510,5699,2015-03-23,2021-03-31,2200
91416,HBI,HANESBRANDS INC,41034510,2253,2021-04-01,2021-12-17,260
12622,HCA,H C A HOLDINGS INC,40412C10,8062,2015-01-27,2015-04-12,75
12622,HCA,H C A HOLDINGS INC,40412C10,8063,2015-04-13,2015-07-16,94
12622,HCA,H C A HOLDINGS INC,40412C10,8062,2015-07-17,2017-05-07,660
12622,HCA,H C A HEALTHCARE INC,40412C10,8062,2017-05-08,2024-12-31,2794
87070,HCBK,HUDSON CITY BANCORP INC,44368310,6030,2014-01-01,2015-10-30,667
65947,HCN,HEALTH CARE REIT INC,42217K10,6798,2014-01-01,2015-09-29,636
65947,HCN,WELLTOWER INC,95040Q10,6798,2015-09-30,2018-02-27,881
67598,HCP,H C P INC,40414L10,6798,2014-01-01,2019-11-04,2133
66181,HD,HOME DEPOT INC,43707610,5211,2014-01-01,2024-12-31,4017
28484,HES,HESS CORP,42809H10,2911,2014-01-01,2016-12-18,1082
28484,HES,HESS CORP,42809H10,1311,2016-12-19,2017-01-24,36
28484,HES,HESS CORP,42809H10,1321,2017-01-25,2017-03-09,43
28484,HES,HESS CORP,42809H10,1311,2017-03-10,2023-08-07,2341
28484,HES,HESS CORP,42809H10,2911,2023-08-08,2024-12-31,511
32803,HFC,HOLLYFRONTIER CORP,43610610,2911,2018-06-18,2021-06-03,1081
82775,HIG,HARTFORD FINANCIAL SVCS GRP INC,41651510,6331,2014-01-01,2016-12-18,1082
82775,HIG,HARTFORD FINANCIAL SVCS GRP INC,41651510,6399,2016-12-19,2019-01-07,749
82775,HIG,HARTFORD FINANCIAL SVCS GRP INC,41651510,6331,2019-01-08,2024-12-31,2184
12623,HII,HUNTINGTON INGALLS INDS INC,44641310,5088,2018-01-03,2021-03-30,1182
12623,HII,HUNTINGTON INGALLS INDS INC,44641310,3731,2021-03-31,2024-12-31,1371
14338,HLT,HILTON WORLDWIDE HOLDINGS INC,43300A20,7011,2017-06-19,2024-12-31,2752
70033,HOG,HARLEY DAVIDSON INC,41282210,3751,2014-01-01,2020-06-19,2361
76095,HOLX,HOLOGIC INC,43644010,3844,2016-03-30,2024-12-31,3198
10145,HON,HONEYWELL INTERNATIONAL INC,43851610,3724,2014-01-01,2014-01-26,25
10145,HON,HONEYWELL INTERNATIONAL INC,43851610,3714,2014-01-27,2017-01-29,1098
10145,HON,HONEYWELL INTERNATIONAL INC,43851610,5099,2017-01-30,2021-04-05,1526
10145,HON,HONEYWELL INTERNATIONAL INC,43851610,3724,2021-04-06,2021-05-10,34
10145,HON,HONEYWELL INTERNATIONAL INC,43851610,3724,2021-05-11,2024-12-31,1330
91207,HOT,STARWOOD HOTELS & REST WLDWD INC,85590A40,7011,2014-01-01,2016-09-22,995
32707,HP,HELMERICH & PAYNE INC,42345210,1381,2014-01-01,2020-05-21,2332
15707,HPE,HEWLETT PACKARD ENTERPRISE CO,42824C10,7374,2015-11-02,2019-07-10,1346
15707,HPE,HEWLETT PACKARD ENTERPRISE CO,42824C10,3571,2019-07-11,2019-11-06,118
15707,HPE,HEWLETT PACKARD ENTERPRISE CO,42824C10,7374,2019-11-07,2021-03-31,510
15707,HPE,HEWLETT PACKARD ENTERPRISE CO,42824C10,7372,2021-04-01,2024-12-31,1370
27828,HPQ,HEWLETT PACKARD CO,42823610,3571,2014-01-01,2015-11-01,669
27828,HPQ,H P INC,40434L10,3571,2015-11-02,2024-12-31,3347
49373,HRB,BLOCK H & R INC,09367110,6159,2014-01-01,2019-09-08,2076
49373,HRB,BLOCK H & R INC,09367110,7291,2019-09-09,2020-09-18,375
32870,HRL,HORMEL FOODS CORP,44045210,2011,2014-01-01,2024-12-31,4017
25582,HRS,HARRIS CORP,41387510,3663,2014-01-01,2014-01-28,27
25582,HRS,HARRIS CORP,41387510,3812,2014-01-29,2019-06-30,1978
82581,HSIC,SCHEIN HENRY INC,80640710,5047,2015-03-18,2024-12-31,3576
90110,HSP,HOSPIRA INC,44106010,2834,2014-01-01,2015-09-02,609
46703,HST,HOST HOTELS & RESORTS INC,44107P10,6798,2014-01-01,2020-11-01,2496
46703,HST,HOST HOTELS & RESORTS INC,44107P10,6798,2020-11-02,2024-12-31,1520
16600,HSY,HERSHEY CO,42786610,2066,2014-01-01,2024-12-31,4017
32942,HUBB,HUBBELL INC,44351060,3699,2023-10-18,2024-12-31,440
48653,HUM,HUMANA INC,44485910,6324,2014-01-01,2019-11-20,2149
48653,HUM,HUMANA INC,44485910,6321,2019-11-21,2024-12-31,1867
24643,HWM,HOWMET AEROSPACE INC,44320110,3355,2020-04-01,2024-12-31,1735
12490,IBM,INTERNATIONAL BUSINESS MACHS COR,45920010,3571,2014-01-01,2014-01-21,20
12490,IBM,INTERNATIONAL BUSINESS MACHS COR,45920010,7379,2014-01-22,2021-12-02,2871
12490,IBM,INTERNATIONAL BUSINESS MACHS COR,45920010,3571,2021-12-03,2024-12-31,1124
90993,ICE,INTERCONTINENTALEXCHANGE GRP INC,45866F10,6231,2014-01-01,2024-12-31,4017
76709,IDXX,I D E X X LABORATORIES INC,45168D10,2830,2017-01-05,2024-12-31,2917
75591,IEX,IDEX CORP,45167R10,3561,2019-08-09,2024-12-31,1971
40272,IFF,INTERNATIONAL FLAVORS & FRAG INC,45950610,2865,2014-01-01,2014-01-08,7
40272,IFF,INTERNATIONAL FLAVORS & FRAG INC,45950610,2869,2014-01-09,2024-12-31,4009
45277,IGT,INTERNATIONAL GAME TECHNOLOGY,45990210,7999,2014-01-01,2014-01-23,22
45277,IGT,INTERNATIONAL GAME TECHNOLOGY,45990210,3999,2014-01-24,2014-06-20,147
92772,IILG,INTERVAL LEISURE GROUP INC,46113M10,9999,2016-05-13,2016-05-13,0
88446,ILMN,ILLUMINA INC,45232710,3826,2015-11-19,2024-06-21,3137
79906,INCY,INCYTE CORP,45337C10,8731,2017-02-28,2024-12-31,2863
14704,INFO,I H S MARKIT LTD,G4756710,9999,2017-06-02,2019-07-01,759
14704,INFO,I H S MARKIT LTD,G4756710,8999,2019-07-02,2019-10-23,113
14704,INFO,I H S MARKIT LTD,G4756710,8741,2019-10-24,2022-02-25,855
59328,INTC,INTEL CORP,45814010,3679,2014-01-01,2024-12-31,4017
78975,INTU,INTUIT INC,46120210,7370,2014-01-01,2024-12-31,4017
16581,INVH,INVITATION HOMES INC,46187W10,6531,2022-09-19,2024-12-31,834
21573,IP,INTERNATIONAL PAPER CO,46014610,2621,2014-01-01,2024-12-31,4017
53065,IPG,INTERPUBLIC GROUP COS INC,46069010,7311,2014-01-01,2024-12-31,4017
91668,IPGP,I P G PHOTONICS CORP,44980X10,3674,2018-03-07,2022-06-17,1563
13911,IQV,IQVIA HOLDINGS INC,46266C10,8731,2017-11-15,2020-05-27,924
13911,IQV,IQVIA HOLDINGS INC,46266C10,8732,2020-05-28,2024-06-19,1483
13911,IQV,IQVIA HOLDINGS INC,46266C10,8731,2024-06-20,2024-12-31,194
12431,IR,INGERSOLL RAND PLC,G4779110,3822,2014-01-01,2020-02-19,2240
12431,IR,INGERSOLL RAND PLC,G4779110,3569,2020-02-20,2020-03-01,10
16692,IR,INGERSOLL RAND INC,45687V10,3563,2020-03-03,2022-02-23,722
16692,IR,INGERSOLL RAND INC,45687V10,3564,2022-02-24,2024-12-31,1041
83143,IRM,IRON MOUNTAIN INC,46284610,8742,2014-01-01,2014-07-10,190
83143,IRM,IRON MOUNTAIN INC,46284610,4226,2014-07-11,2015-01-20,193
83143,IRM,IRON MOUNTAIN INC NEW,46284V10,6798,2015-01-21,2016-09-18,606
83143,IRM,IRON MOUNTAIN INC NEW,46284V10,4226,2016-09-19,2017-06-07,261
83143,IRM,IRON MOUNTAIN INC NEW,46284V10,6798,2017-06-08,2017-12-25,200
83143,IRM,IRON MOUNTAIN INC NEW,46284V10,4226,2017-12-26,2024-12-31,2562
88352,ISRG,INTUITIVE SURGICAL INC,46120E60,3842,2014-01-01,2024-12-31,4017
79698,IT,GARTNER INC,36665110,8732,2017-04-05,2024-12-31,2827
56573,ITW,ILLINOIS TOOL WORKS INC,45230810,3565,2014-01-01,2014-01-28,27
56573,ITW,ILLINOIS TOOL WORKS INC,45230810,3089,2014-01-29,2017-03-27,1153
56573,ITW,ILLINOIS TOOL WORKS INC,45230810,5162,2017-03-28,2019-06-25,819
56573,ITW,ILLINOIS TOOL WORKS INC,45230810,3569,2019-06-26,2024-09-11,1904
56573,ITW,ILLINOIS TOOL WORKS INC,45230810,3559,2024-09-12,2024-12-31,110
19583,IVZ,INVESCO LTD,G491BT10,6282,2014-01-01,2024-12-31,4017
52329,J,JACOBS ENGINEERING GROUP INC,46981410,8711,2019-12-10,2022-08-28,992
52329,J,JACOBS SOLUTIONS INC,46982L10,8711,2022-08-29,2024-12-31,855
42877,JBHT,HUNT J B TRANSPORT SERVICES INC,44565810,4213,2015-07-01,2024-12-31,3471
79094,JBL,JABIL CIRCUIT INC,46631310,3672,2014-01-01,2014-11-04,307
79094,JBL,JABIL INC,46631310,3672,2023-12-18,2024-12-31,379
42534,JCI,JOHNSON CONTROLS INC,47836610,1796,2014-01-01,2014-01-22,21
42534,JCI,JOHNSON CONTROLS INC,47836610,2531,2014-01-23,2016-09-02,953
45356,JCI,JOHNSON CONTROLS INTL PLC,G5150210,7382,2016-09-06,2020-03-19,1290
45356,JCI,JOHNSON CONTROLS INTL PLC,G5150210,5099,2020-03-20,2021-03-31,376
45356,JCI,JOHNSON CONTROLS INTL PLC,G5150210,1796,2021-04-01,2022-01-11,285
45356,JCI,JOHNSON CONTROLS INTL PLC,G5150210,5065,2022-01-12,2024-12-31,1084
52329,JEC,JACOBS ENGINEERING GROUP INC,46981410,8711,2014-01-01,2019-12-09,2168
20415,JEF,JEFFERIES FINANCIAL GROUP INC,47233W10,5099,2018-05-24,2019-09-25,489
88664,JKHY,HENRY JACK & ASSOC INC,42628110,7373,2018-11-13,2024-12-31,2240
22111,JNJ,JOHNSON & JOHNSON,47816010,2834,2014-01-01,2021-12-20,2910
22111,JNJ,JOHNSON & JOHNSON,47816010,3841,2021-12-21,2024-12-31,1106
86979,JNPR,JUNIPER NETWORKS INC,48203R10,3669,2014-01-01,2014-01-23,22
86979,JNPR,JUNIPER NETWORKS INC,48203R10,3577,2014-01-24,2024-12-31,3994
89105,JOY,JOY GLOBAL INC,48116510,3532,2014-01-01,2015-10-07,644
47896,JPM,JPMORGAN CHASE & CO,46625H10,6021,2014-01-01,2016-06-22,903
47896,JPM,JPMORGAN CHASE & CO,46625H10,6099,2016-06-23,2016-08-03,41
47896,JPM,JPMORGAN CHASE & CO,46625H10,6021,2016-08-04,2024-12-31,3071
57817,JWN,NORDSTROM INC,65566410,5651,2014-01-01,2016-12-21,1085
57817,JWN,NORDSTROM INC,65566410,5311,2016-12-22,2020-06-19,1275
26825,K,KELLOGG CO,48783610,2043,2014-01-01,2022-03-09,2989
26825,K,KELLOGG CO,48783610,2041,2022-03-10,2023-10-01,570
26825,K,KELLANOVA,48783610,2041,2023-10-02,2024-12-31,456
17942,KDP,KEURIG DR PEPPER INC,49271V10,2086,2022-06-21,2024-12-31,924
64995,KEY,KEYCORP NEW,49326710,6021,2014-01-01,2024-12-31,4017
14939,KEYS,KEYSIGHT TECHNOLOGIES INC,49338L10,3825,2018-11-06,2021-06-20,957
14939,KEYS,KEYSIGHT TECHNOLOGIES INC,49338L10,3823,2021-06-21,2024-12-31,1289
15408,KHC,KRAFT HEINZ CO,50075410,9999,2015-07-06,2024-12-31,3466
77129,KIM,KIMCO REALTY CORP,49446R10,6798,2014-01-01,2024-12-31,4017
11990,KKR,K K R & CO INC,48251W10,6282,2024-06-24,2024-12-31,190
46886,KLAC,K L A TENCOR CORP,48248010,3827,2014-01-01,2019-07-15,2021
46886,KLAC,K L A CORP,48248010,3827,2019-07-16,2024-12-31,1995
24175,KLG,W K KELLOGG CO,92942W10,2043,2023-10-02,2023-10-02,0
17750,KMB,KIMBERLY CLARK CORP,49436810,2676,2014-01-01,2014-01-26,25
17750,KMB,KIMBERLY CLARK CORP,49436810,2679,2014-01-27,2017-04-23,1182
17750,KMB,KIMBERLY CLARK CORP,49436810,2844,2017-04-24,2021-03-31,1437
17750,KMB,KIMBERLY CLARK CORP,49436810,2676,2021-04-01,2024-12-31,1370
12558,KMI,KINDER MORGAN INC,49456B10,4923,2014-01-01,2015-07-16,561
12558,KMI,KINDER MORGAN INC,49456B10,4922,2015-07-17,2015-09-01,46
12558,KMI,KINDER MORGAN INC,49456B10,4923,2015-09-02,2020-11-02,1888
12558,KMI,KINDER MORGAN INC,49456B10,4924,2020-11-03,2024-12-31,1519
89508,KMX,CARMAX INC,14313010,5521,2014-01-01,2024-12-31,4017
11308,KO,COCA COLA CO,19121610,2086,2014-01-01,2024-06-30,3833
11308,KO,COCA COLA CO,19121610,2087,2024-07-01,2024-12-31,183
13142,KORS,MICHAEL KORS HOLDINGS LTD,G6075410,2385,2014-01-01,2017-12-25,1454
13142,KORS,MICHAEL KORS HOLDINGS LTD,G6075410,5137,2017-12-26,2019-01-01,371
16678,KR,KROGER CO,50104410,5411,2014-01-01,2024-12-31,4017
13598,KRFT,KRAFT FOODS GROUP INC,50076Q10,9999,2014-01-01,2015-07-02,547
77606,KSS,KOHLS CORP,50025510,5311,2014-01-01,2014-01-09,8
77606,KSS,KOHLS CORP,50025510,6081,2014-01-10,2014-02-26,47
77606,KSS,KOHLS CORP,50025510,5311,2014-02-27,2020-09-18,2395
12650,KSU,KANSAS CITY SOUTHERN,48517030,4011,2014-01-01,2021-12-13,2903
18578,KTB,KONTOOR BRANDS INC,50050N10,2399,2019-05-23,2019-05-23,0
23876,KVUE,KENVUE INC,49177J10,2844,2023-08-25,2024-12-31,494
26710,L,LOEWS CORP,54042410,6331,2014-01-01,2024-12-31,4017
64282,LB,L BRANDS INC,50179710,5651,2014-01-01,2014-01-06,5
64282,LB,L BRANDS INC,50179710,5621,2014-01-07,2021-08-02,2764
91547,LDOS,LEIDOS HOLDINGS INC,52532710,7373,2019-08-09,2020-02-17,192
91547,LDOS,LEIDOS HOLDINGS INC,52532710,8999,2020-02-18,2021-03-28,404
91547,LDOS,LEIDOS HOLDINGS INC,52532710,9711,2021-03-29,2024-03-26,1093
91547,LDOS,LEIDOS HOLDINGS INC,52532710,7373,2024-03-27,2024-12-31,279
60943,LEG,LEGGETT & PLATT INC,52466010,2515,2014-01-01,2017-01-10,1105
60943,LEG,LEGGETT & PLATT INC,52466010,5099,2017-01-11,2021-03-30,1539
60943,LEG,LEGGETT & PLATT INC,52466010,2515,2021-03-31,2021-12-17,261
52708,LEN,LENNAR CORP,52605710,1531,2014-01-01,2024-12-31,4017
12062,LH,LABORATORY CORP AMERICA HLDGS,50540R40,8071,2014-01-01,2024-05-19,3791
12062,LH,LABCORP HOLDINGS INC,50492210,8071,2024-05-20,2024-12-31,225
25582,LHX,L3HARRIS TECHNOLOGIES INC,50243110,3812,2019-07-01,2024-12-31,2010
86725,LIFE,LIFE TECHNOLOGIES CORP,53217V10,2836,2014-01-01,2014-01-23,22
87034,LII,LENNOX INTERNATIONAL INC,52610710,3585,2024-12-23,2024-12-31,8
18143,LIN,LINDE PLC,G5494J10,2819,2018-10-31,2023-03-01,1582
18143,LIN,LINDE PLC NEW,G5495010,2819,2023-03-02,2023-11-06,249
18143,LIN,LINDE PLC NEW,G5495010,2819,2023-11-07,2024-12-31,420
89866,LKQ,L K Q CORP,50188920,5015,2016-05-23,2024-12-31,3144
86021,LLL,L 3 COMMUNICATIONS HLDGS INC,50242410,3663,2014-01-01,2017-01-02,1097
86021,LLL,L 3 TECHNOLOGIES INC,50241310,3812,2017-01-03,2019-06-28,906
10299,LLTC,LINEAR TECHNOLOGY CORP,53567810,3670,2014-01-01,2017-03-10,1164
50876,LLY,LILLY ELI & CO,53245710,2834,2014-01-01,2024-12-31,4017
65330,LM,LEGG MASON INC,52490110,6282,2014-01-01,2016-12-01,1065
21178,LMT,LOCKHEED MARTIN CORP,53983010,3721,2014-01-01,2014-01-22,21
21178,LMT,LOCKHEED MARTIN CORP,53983010,3761,2014-01-23,2024-12-31,3995
49015,LNC,LINCOLN NATIONAL CORP,53418710,6311,2014-01-01,2014-01-07,6
49015,LNC,LINCOLN NATIONAL CORP,53418710,6321,2014-01-08,2015-06-30,538
49015,LNC,LINCOLN NATIONAL CORP,53418710,6311,2015-07-01,2023-09-15,2998
58819,LNT,ALLIANT ENERGY CORP,01880210,4931,2016-07-01,2018-12-30,912
58819,LNT,ALLIANT ENERGY CORP,01880210,4931,2018-12-31,2024-12-31,2192
17279,LO,LORILLARD INC,54414710,2111,2014-01-01,2015-06-11,526
61399,LOW,LOWES COMPANIES INC,54866110,5211,2014-01-01,2024-12-31,4017
48486,LRCX,LAM RESH CORP,51280710,3559,2014-01-01,2024-10-02,3927
48486,LRCX,LAM RESH CORP,51280730,3559,2024-10-03,2024-12-31,89
48267,LSI,L S I CORP NEW,50216110,3674,2014-01-01,2014-05-06,125
20415,LUK,LEUCADIA NATIONAL CORP,52728810,6719,2014-01-01,2014-01-09,8
20415,LUK,LEUCADIA NATIONAL CORP,52728810,7011,2014-01-10,2014-07-10,181
20415,LUK,LEUCADIA NATIONAL CORP,52728810,6798,2014-07-11,2016-08-03,754
20415,LUK,LEUCADIA NATIONAL CORP,52728810,7011,2016-08-04,2017-04-19,258
20415,LUK,LEUCADIA NATIONAL CORP,52728810,5099,2017-04-20,2018-05-23,398
92203,LULU,LULULEMON ATHLETICA INC,55002110,5600,2023-10-18,2024-12-31,440
60599,LUMN,CENTURYLINK INC,15670010,4813,2020-09-18,2021-01-21,125
60599,LUMN,LUMEN TECHOLOGIES INC,55024110,4813,2021-01-22,2021-04-08,76
60599,LUMN,LUMEN TECHOLOGIES INC,55024110,4812,2021-04-09,2023-03-17,707
58683,LUV,SOUTHWEST AIRLINES CO,84474110,4512,2014-01-01,2014-02-06,36
58683,LUV,SOUTHWEST AIRLINES CO,84474110,6331,2014-02-07,2014-03-18,39
58683,LUV,SOUTHWEST AIRLINES CO,84474110,4512,2014-03-19,2024-12-31,3940
85991,LVLT,LEVEL 3 COMMUNICATIONS INC,52729N30,4813,2014-11-05,2017-10-12,1072
90505,LVS,LAS VEGAS SANDS CORP,51783410,7011,2019-10-03,2020-05-03,213
90505,LVS,LAS VEGAS SANDS CORP,51783410,1731,2020-05-04,2021-03-30,330
90505,LVS,LAS VEGAS SANDS CORP,51783410,7011,2021-03-31,2024-12-31,1371
16431,LW,LAMB WESTON HOLDINGS INC,51327210,2038,2016-11-10,2016-11-10,0
16431,LW,LAMB WESTON HOLDINGS INC,51327210,2038,2018-12-03,2024-12-31,2220
12345,LYB,LYONDELLBASELL INDUSTRIES N V,N5374510,2821,2014-01-01,2014-01-07,6
12345,LYB,LYONDELLBASELL INDUSTRIES N V,N5374510,5199,2014-01-08,2016-12-18,1075
12345,LYB,LYONDELLBASELL INDUSTRIES N V,N5374510,5169,2016-12-19,2021-03-30,1562
12345,LYB,LYONDELLBASELL INDUSTRIES N V,N5374510,2899,2021-03-31,2022-07-18,474
12345,LYB,LYONDELLBASELL INDUSTRIES N V,N5374510,6719,2022-07-19,2023-09-18,426
12345,LYB,LYONDELLBASELL INDUSTRIES N V,N5374510,5169,2023-09-19,2024-12-31,469
91041,LYV,LIVE NATION ENTERTAINMENT INC,53803410,7922,2019-12-23,2021-03-31,464
91041,LYV,LIVE NATION ENTERTAINMENT INC,53803410,7389,2021-04-01,2024-12-31,1370
77462,M,MACYS INC,55616P10,5311,2014-01-01,2020-04-03,2284
91233,MA,MASTERCARD INC,57636Q10,7389,2014-01-01,2017-01-11,1106
91233,MA,MASTERCARD INC,57636Q10,7374,2017-01-12,2021-03-31,1539
91233,MA,MASTERCARD INC,57636Q10,7389,2021-04-01,2024-12-31,1370
80183,MAA,MID AMERICA APT COMMUNITIES INC,59522J10,6798,2016-12-02,2024-12-31,2951
80399,MAC,MACERICH CO,55438210,6798,2014-01-01,2019-12-20,2179
85913,MAR,MARRIOTT INTERNATIONAL INC NEW,57190320,7011,2014-01-01,2024-12-31,4017
34032,MAS,MASCO CORP,57459910,5211,2014-01-01,2014-01-07,6
34032,MAS,MASCO CORP,57459910,2439,2014-01-08,2021-03-31,2639
34032,MAS,MASCO CORP,57459910,3432,2021-04-01,2024-12-31,1370
39538,MAT,MATTEL INC,57708110,3942,2014-01-01,2019-06-06,1982
23568,MBC,MASTERBRAND INC,57638P10,5211,2022-12-15,2022-12-16,1
43449,MCD,MCDONALDS CORP,58013510,5812,2014-01-01,2024-12-31,4017
78987,MCHP,MICROCHIP TECHNOLOGY INC,59501710,3670,2014-01-01,2024-12-31,4017
81061,MCK,MCKESSON H B O C INC,58155Q10,5122,2014-01-01,2017-01-25,1120
81061,MCK,MCKESSON H B O C INC,58155Q10,8099,2017-01-26,2021-03-31,1525
81061,MCK,MCKESSON H B O C INC,58155Q10,5122,2021-04-01,2024-12-31,1370
48506,MCO,MOODYS CORP,61536910,7323,2014-01-01,2017-03-27,1181
48506,MCO,MOODYS CORP,61536910,6289,2017-03-28,2017-06-04,68
48506,MCO,MOODYS CORP,61536910,7323,2017-06-05,2024-12-31,2766
89006,MDLZ,MONDELEZ INTERNATIONAL INC,60920710,2000,2014-01-01,2024-12-31,4017
60097,MDT,MEDTRONIC INC,58505510,3845,2014-01-01,2015-01-26,390
60097,MDT,MEDTRONIC PLC,G5960L10,3845,2015-01-27,2024-06-30,3442
60097,MDT,MEDTRONIC PLC,G5960L10,3842,2024-07-01,2024-12-31,183
87842,MET,METLIFE INC,59156R10,6311,2014-01-01,2024-12-31,4017
13407,META,META PLATFORMS INC,30303M10,7375,2022-06-09,2024-12-31,936
11891,MGM,M G M RESORTS INTERNATIONAL,55295310,7999,2017-07-26,2021-03-30,1343
11891,MGM,M G M RESORTS INTERNATIONAL,55295310,7011,2021-03-31,2024-12-31,1371
17478,MHFI,MCGRAW HILL FINANCIAL INC,58064510,2731,2014-01-01,2015-05-21,505
17478,MHFI,MCGRAW HILL FINANCIAL INC,58064510,7323,2015-05-22,2016-04-27,341
77496,MHK,MOHAWK INDUSTRIES INC,60819010,2273,2014-01-01,2017-04-09,1194
77496,MHK,MOHAWK INDUSTRIES INC,60819010,5039,2017-04-10,2019-11-25,959
77496,MHK,MOHAWK INDUSTRIES INC,60819010,3253,2019-11-26,2020-04-05,131
77496,MHK,MOHAWK INDUSTRIES INC,60819010,5039,2020-04-06,2021-03-30,358
77496,MHK,MOHAWK INDUSTRIES INC,60819010,3253,2021-03-31,2023-08-10,862
77496,MHK,MOHAWK INDUSTRIES INC,60819010,2273,2023-08-11,2024-12-31,508
92890,MJN,MEAD JOHNSON NUTRITION CO,58283910,2023,2014-01-01,2017-06-14,1260
52090,MKC,MCCORMICK & CO INC,57978020,5149,2014-01-01,2014-01-28,27
52090,MKC,MCCORMICK & CO INC,57978020,2099,2014-01-29,2024-12-31,3989
90454,MKTX,MARKETAXESS HLDGS INC,57060D10,6211,2019-07-01,2024-12-31,2010
80204,MLM,MARTIN MARIETTA MATERIALS INC,57328410,1423,2014-07-02,2024-12-31,3835
45751,MMC,MARSH & MCLENNAN COS INC,57174810,6411,2014-01-01,2024-12-31,4017
22592,MMM,3M CO,88579Y10,3841,2014-01-01,2017-01-23,1118
22592,MMM,3M CO,88579Y10,5099,2017-01-24,2020-10-22,1367
22592,MMM,3M CO,88579Y10,3291,2020-10-23,2022-07-04,619
22592,MMM,3M CO,88579Y10,3999,2022-07-05,2023-07-30,390
22592,MMM,3M CO,88579Y10,3841,2023-07-31,2024-12-31,519
14011,MNK,MALLINCKRODT PLC,G5785G10,2834,2014-08-19,2017-07-25,1071
88031,MNST,MONSTER BEVERAGE CORP,61174010,2086,2014-01-01,2015-06-14,529
88031,MNST,MONSTER BEVERAGE CORP NEW,61174X10,2086,2015-06-15,2024-12-31,3487
13901,MO,ALTRIA GROUP INC,02209S10,2111,2014-01-01,2024-12-31,4017
89781,MOH,MOLINA HEALTHCARE INC,60855R10,8011,2022-03-02,2024-12-31,1035
88668,MON,MONSANTO CO NEW,61166W10,2879,2014-01-01,2018-06-06,1617
90386,MOS,MOSAIC CO NEW,61945C10,2874,2014-01-01,2024-12-31,4017
12872,MPC,MARATHON PETROLEUM CORP,56585A10,2911,2014-01-01,2024-12-31,4017
90455,MPWR,MONOLITHIC PWR SYS INC,60983910,3674,2021-02-12,2024-12-31,1418
22752,MRK,MERCK & CO INC NEW,58933Y10,2834,2014-01-01,2024-12-31,4017
18312,MRNA,MODERNA INC,60770K10,9999,2021-07-21,2024-12-31,1259
15069,MRO,MARATHON OIL CORP,56584910,2911,2014-01-01,2016-12-21,1085
15069,MRO,MARATHON OIL CORP,56584910,1382,2016-12-22,2021-03-31,1560
15069,MRO,MARATHON OIL CORP,56584910,1311,2021-04-01,2024-11-21,1330
69032,MS,MORGAN STANLEY DEAN WITTER & CO,61744644,6798,2014-01-01,2014-01-06,5
69032,MS,MORGAN STANLEY DEAN WITTER & CO,61744644,6282,2014-01-07,2014-09-14,250
69032,MS,MORGAN STANLEY DEAN WITTER & CO,61744644,6022,2014-09-15,2015-04-19,216
69032,MS,MORGAN STANLEY DEAN WITTER & CO,61744644,6211,2015-04-20,2021-08-26,2320
69032,MS,MORGAN STANLEY DEAN WITTER & CO,61744644,6282,2021-08-27,2024-09-11,1111
69032,MS,MORGAN STANLEY DEAN WITTER & CO,61744644,6211,2024-09-12,2024-12-31,110
92402,MSCI,M S C I INC,55354G10,6289,2018-04-04,2021-03-31,1092
92402,MSCI,M S C I INC,55354G10,7389,2021-04-01,2024-12-31,1370
10107,MSFT,MICROSOFT CORP,59491810,7370,2014-01-01,2024-12-31,4017
22779,MSI,MOTOROLA SOLUTIONS INC,62007630,3663,2014-01-01,2017-01-11,1106
22779,MSI,MOTOROLA SOLUTIONS INC,62007630,3679,2017-01-12,2021-03-31,1539
22779,MSI,MOTOROLA SOLUTIONS INC,62007630,3663,2021-04-01,2024-12-31,1370
35554,MTB,M & T BANK CORP,55261F10,6022,2014-01-01,2017-03-05,1159
35554,MTB,M & T BANK CORP,55261F10,6021,2017-03-06,2021-03-31,1486
35554,MTB,M & T BANK CORP,55261F10,6022,2021-04-01,2024-12-31,1370
15850,MTCH,MATCH GROUP INC NEW,57667L10,9999,2021-09-20,2024-12-31,1198
85621,MTD,METTLER TOLEDO INTERNATIONAL INC,59268810,3826,2016-09-06,2024-06-19,2843
85621,MTD,METTLER TOLEDO INTERNATIONAL INC,59268810,3596,2024-06-20,2024-12-31,194
53613,MU,MICRON TECHNOLOGY INC,59511210,3674,2014-01-01,2024-12-31,4017
28345,MUR,MURPHY OIL CORP,62671710,2911,2014-01-01,2016-12-21,1085
28345,MUR,MURPHY OIL CORP,62671710,1382,2016-12-22,2017-07-25,215
21186,MWV,MEADWESTVACO CORP,58333410,2621,2014-01-01,2015-07-01,546
11896,MXIM,MAXIM INTEGRATED PRODUCTS INC,57772K10,3674,2018-12-03,2021-08-25,996
69550,MYL,MYLAN INC,62853010,2834,2014-01-01,2015-03-01,424
69550,MYL,MYLAN N V,N5946510,2834,2015-03-02,2020-11-16,2086
14601,NAVI,NAVIENT CORP,63938C10,9999,2014-05-01,2018-06-04,1495
61815,NBL,NOBLE ENERGY INC,65504410,1311,2014-01-01,2016-12-18,1082
61815,NBL,NOBLE ENERGY INC,65504410,1382,2016-12-19,2019-12-29,1105
61815,NBL,NOBLE ENERGY INC,65504410,1311,2019-12-30,2020-10-02,277
29102,NBR,NABORS INDUSTRIES LTD,G6359F10,1381,2014-01-01,2015-03-20,443
13760,NCLH,NORWEGIAN CRUISE LINE HLDGS LTD,G6672110,9999,2017-10-13,2017-12-18,66
13760,NCLH,NORWEGIAN CRUISE LINE HLDGS LTD,G6672110,4481,2017-12-19,2021-10-18,1399
13760,NCLH,NORWEGIAN CRUISE LINE HLDGS LTD,G6672110,6719,2021-10-19,2024-12-31,1169
90601,NDAQ,NASDAQ O M X GROUP INC,63110310,6200,2014-01-01,2015-09-07,614
90601,NDAQ,NASDAQ INC,63110310,6200,2015-09-08,2024-12-31,3402
57809,NDSN,NORDSON CORP,65566310,3560,2022-02-15,2024-12-31,1050
90537,NE,NOBLE CORP PLC,G6543110,1381,2014-01-01,2015-07-17,562
24205,NEE,NEXTERA ENERGY INC,65339F10,4911,2014-01-01,2024-12-31,4017
21207,NEM,NEWMONT MINING CORP,65163910,1041,2014-01-01,2019-04-17,1932
21207,NEM,NEWMONT GOLDCORP CORP,65163910,1041,2019-04-18,2020-01-08,265
21207,NEM,NEWMONT CORP,65163910,1041,2020-01-09,2024-12-31,1818
89393,NFLX,NETFLIX INC,64110L10,7841,2014-01-01,2024-12-31,4017
79915,NFX,NEWFIELD EXPLORATION CO,65129010,1311,2014-01-01,2016-12-18,1082
79915,NFX,NEWFIELD EXPLORATION CO,65129010,1382,2016-12-19,2019-02-13,786
16044,NGVT,INGEVITY CORP,45688C10,5169,2016-05-16,2016-05-16,0
38762,NI,NISOURCE INC,65473P10,4931,2014-01-01,2017-12-25,1454
38762,NI,NISOURCE INC,65473P10,4939,2017-12-26,2024-12-31,2562
57665,NKE,NIKE INC,65410610,3021,2014-01-01,2024-12-31,4017
80539,NKTR,NEKTAR THERAPEUTICS,64026810,2830,2018-03-19,2019-10-02,562
75607,NLOK,NORTONLIFELOCK INC,66877110,7372,2019-11-05,2022-11-07,1098
12542,NLSN,NIELSEN HOLDINGS N V,N6321810,7389,2014-01-01,2014-05-06,125
12542,NLSN,NIELSEN N V,N6321810,7389,2014-05-07,2015-08-30,480
12542,NLSN,NIELSEN HOLDINGS PLC,G6518L10,7389,2015-08-31,2019-06-30,1399
12542,NLSN,NIELSEN HOLDINGS PLC,G6518L10,8733,2019-07-01,2022-10-11,1198
24766,NOC,NORTHROP GRUMMAN CORP,66680710,3812,2014-01-01,2024-12-31,4017
84032,NOV,NATIONAL OILWELL VARCO INC,63707110,3533,2014-01-01,2021-01-03,2559
84032,NOV,N O V INC,62955J10,3533,2021-01-04,2021-09-17,256
13447,NOW,SERVICENOW INC,81762P10,7379,2019-11-21,2024-12-31,1867
90071,NRG,N R G ENERGY INC,62937750,4911,2014-01-01,2016-12-18,1082
90071,NRG,N R G ENERGY INC,62937750,4931,2016-12-19,2021-04-04,1567
90071,NRG,N R G ENERGY INC,62937750,4911,2021-04-05,2024-12-31,1366
64311,NSC,NORFOLK SOUTHERN CORP,65584410,4011,2014-01-01,2022-07-19,3121
64311,NSC,NORFOLK SOUTHERN CORP,65584410,4731,2022-07-20,2024-12-31,895
82598,NTAP,NETAPP INC,64110D10,3572,2014-01-01,2024-12-31,4017
58246,NTRS,NORTHERN TRUST CORP,66585910,6020,2014-01-01,2024-12-31,4017
44206,NU,NORTHEAST UTILITIES,66439710,4911,2014-01-01,2015-02-18,413
34817,NUE,NUCOR CORP,67034610,3312,2014-01-01,2021-03-31,2646
34817,NUE,NUCOR CORP,67034610,3441,2021-04-01,2024-12-31,1370
86580,NVDA,NVIDIA CORP,67066G10,3670,2014-01-01,2024-12-31,4017
79785,NVR,N V R INC,62944T10,1531,2019-09-26,2024-12-31,1923
17676,NVT,NVENT ELECTRIC PLC,G6700G10,3559,2018-05-01,2018-05-01,0
60986,NWL,NEWELL RUBBERMAID INC,65122910,3089,2014-01-01,2016-04-17,837
60986,NWL,NEWELL BRANDS INC,65122910,3089,2016-04-18,2018-12-10,966
60986,NWL,NEWELL BRANDS INC,65122910,3089,2018-12-11,2023-09-15,1739
13964,NWS,NEWS CORP NEW,65249B20,9999,2015-09-21,2024-12-31,3389
13963,NWSA,NEWS CORP NEW,65249B10,9999,2014-01-01,2024-12-31,4017
12084,NXPI,N X P SEMICONDUCTORS N V,N6596X10,9999,2021-03-22,2024-12-31,1380
81045,O,REALTY INCOME CORP,75610910,6798,2015-04-07,2024-12-31,3556
77037,ODFL,OLD DOMINION FREIGHT LINE INC,67958010,4210,2019-12-09,2024-12-31,1849
21124,OGN,ORGANON & CO,68622V10,2834,2021-06-03,2023-10-17,866
77157,OI,OWENS ILL INC,69076840,3221,2014-01-01,2016-12-01,1065
25232,OKE,ONEOK INC NEW,68268010,4923,2014-01-01,2021-03-31,2646
25232,OKE,ONEOK INC NEW,68268010,4924,2021-04-01,2024-12-31,1370
30681,OMC,OMNICOM GROUP INC,68191910,7311,2014-01-01,2024-12-31,4017
88182,ON,ON SEMICONDUCTOR CORP,68218910,3674,2022-06-21,2024-12-31,924
10104,ORCL,ORACLE CORP,68389X10,7372,2014-01-01,2023-06-26,3463
10104,ORCL,ORACLE CORP,68389X10,7379,2023-06-27,2024-12-31,553
79103,ORLY,O REILLY AUTOMOTIVE INC NEW,67103H10,5531,2014-01-01,2024-12-31,4017
19286,OTIS,OTIS WORLDWIDE CORP,68902V10,3679,2020-04-03,2024-12-31,1733
34833,OXY,OCCIDENTAL PETROLEUM CORP,67459910,1311,2014-01-01,2016-12-18,1082
34833,OXY,OCCIDENTAL PETROLEUM CORP,67459910,1382,2016-12-19,2019-03-27,828
34833,OXY,OCCIDENTAL PETROLEUM CORP,67459910,1311,2019-03-28,2024-12-31,2105
13511,PANW,PALO ALTO NETWORKS INC,69743510,7371,2023-06-20,2024-12-31,560
76226,PARA,PARAMOUNT GLOBAL,92556H20,4833,2022-02-17,2024-12-31,1048
14579,PAYC,PAYCOM SOFTWARE INC,70432V10,7372,2020-01-28,2022-07-20,904
14579,PAYC,PAYCOM SOFTWARE INC,70432V10,7371,2022-07-21,2024-12-31,894
61621,PAYX,PAYCHEX INC,70432610,8700,2014-01-01,2024-12-31,4017
12073,PBCT,PEOPLES UNITED FINANCIAL INC,71270410,6036,2014-01-01,2022-04-01,3012
24459,PBI,PITNEY BOWES INC,72447910,3579,2014-01-01,2017-02-28,1154
60506,PCAR,PACCAR INC,69371810,3711,2014-01-01,2024-12-31,4017
13688,PCG,P G & E CORP,69331C10,4911,2014-01-01,2015-06-30,545
13688,PCG,P G & E CORP,69331C10,4931,2015-07-01,2016-12-18,536
13688,PCG,P G & E CORP,69331C10,4911,2016-12-19,2017-01-19,31
13688,PCG,P G & E CORP,69331C10,4931,2017-01-20,2019-01-17,727
13688,PCG,P G & E CORP,69331C10,4931,2022-10-03,2024-12-31,820
75592,PCL,PLUM CREEK TIMBER CO INC,72925110,6798,2014-01-01,2014-04-01,90
75592,PCL,PLUM CREEK TIMBER CO INC,72925110,2439,2014-04-02,2016-02-19,688
86783,PCLN,PRICELINE COM INC,74150340,7389,2014-01-01,2014-04-01,90
86783,PCLN,PRICELINE GROUP INC,74150340,7389,2014-04-02,2018-02-26,1426
63830,PCP,PRECISION CASTPARTS CORP,74018910,3324,2014-01-01,2016-01-29,758
78034,PDCO,PATTERSON COMPANIES INC,70339510,5990,2014-01-01,2018-03-16,1535
67598,PEAK,HEALTHPEAK PROPERTIES INC,42250P10,6798,2019-11-05,2024-03-03,1580
23712,PEG,PUBLIC SERVICE ENTERPRISE GP INC,74457310,4931,2014-01-01,2024-12-31,4017
80563,PENN,PENN NATIONAL GAMING INC,70756910,7948,2021-03-22,2022-08-04,500
80563,PENN,PENN ENTERTAINMENT INC,70756910,7948,2022-08-05,2022-09-16,42
13856,PEP,PEPSICO INC,71344810,2086,2014-01-01,2017-12-19,1448
13856,PEP,PEPSICO INC,71344810,2086,2017-12-20,2024-12-31,2568
79411,PETM,PETSMART INC,71676810,5990,2014-01-01,2015-03-11,434
21936,PFE,PFIZER INC,71708110,2834,2014-01-01,2021-04-04,2650
21936,PFE,PFIZER INC,71708110,2833,2021-04-05,2021-10-12,190
21936,PFE,PFIZER INC,71708110,2834,2021-10-13,2024-12-31,1175
89195,PFG,PRINCIPAL FINANCIAL GROUP INC,74251V10,6321,2014-01-01,2017-12-17,1446
89195,PFG,PRINCIPAL FINANCIAL GROUP INC,74251V10,6321,2017-12-18,2024-12-31,2570
18163,PG,PROCTER & GAMBLE CO,74271810,2841,2014-01-01,2021-04-13,2659
18163,PG,PROCTER & GAMBLE CO,74271810,2844,2021-04-14,2024-12-31,1357
64390,PGR,PROGRESSIVE CORP OH,74331510,6331,2014-01-01,2024-12-31,4017
41355,PH,PARKER HANNIFIN CORP,70109410,3492,2014-01-01,2014-01-21,20
41355,PH,PARKER HANNIFIN CORP,70109410,3594,2014-01-22,2017-03-14,1147
41355,PH,PARKER HANNIFIN CORP,70109410,3543,2017-03-15,2021-03-31,1477
41355,PH,PARKER HANNIFIN CORP,70109410,3593,2021-04-01,2024-12-31,1370
23944,PHIN,PHINIA INC,71880K10,3519,2023-07-05,2023-07-05,0
54148,PHM,PULTE GROUP INC,74586710,1531,2014-01-01,2024-12-31,4017
87541,PKG,PACKAGING CORP AMERICA,69515610,2652,2017-07-26,2021-03-30,1343
87541,PKG,PACKAGING CORP AMERICA,69515610,2631,2021-03-31,2024-12-31,1371
42200,PKI,PERKINELMER INC,71404610,3826,2014-01-01,2019-09-18,2086
42200,PKI,PERKINELMER INC,71404610,3845,2019-09-19,2023-05-15,1334
85592,PLD,PROLOGIS INC,74340W10,6798,2014-01-01,2024-12-31,4017
35051,PLL,PALL CORP,69642930,3569,2014-01-01,2015-08-28,604
19788,PLTR,PALANTIR TECHNOLOGIES INC,69608A10,7372,2024-09-23,2024-11-25,63
19788,PLTR,PALANTIR TECHNOLOGIES INC,69608A10,7372,2024-11-26,2024-12-31,35
92602,PM,PHILIP MORRIS INTERNATIONAL INC,71817210,2111,2014-01-01,2024-12-31,4017
60442,PNC,P N C FINANCIAL SERVICES GRP INC,69347510,6021,2014-01-01,2024-12-31,4017
13586,PNR,PENTAIR LTD,H6169Q10,3823,2014-01-01,2014-06-02,152
13586,PNR,PENTAIR PLC,G7S00T10,3823,2014-06-03,2015-02-05,247
13586,PNR,PENTAIR PLC,G7S00T10,3491,2015-02-06,2017-12-25,1053
13586,PNR,PENTAIR PLC,G7S00T10,3559,2017-12-26,2024-06-20,2368
13586,PNR,PENTAIR PLC,G7S00T10,3491,2024-06-21,2024-12-31,193
27991,PNW,PINNACLE WEST CAPITAL CORP,72348410,4911,2014-01-01,2024-12-31,4017
92050,PODD,INSULET CORP,45784P10,3841,2023-03-15,2024-12-31,657
23501,POM,PEPCO HOLDINGS INC,71329110,4931,2014-01-01,2016-03-23,812
82515,POOL,POOL CORP,73278L10,5090,2020-10-07,2024-12-31,1546
22509,PPG,P P G INDUSTRIES INC,69350610,2851,2014-01-01,2024-12-31,4017
22517,PPL,P P L CORP,69351T10,4911,2014-01-01,2020-05-03,2314
22517,PPL,P P L CORP,69351T10,4813,2020-05-04,2024-06-24,1512
22517,PPL,P P L CORP,69351T10,4911,2024-06-25,2024-12-31,189
77182,PRGO,PERRIGO CO PLC,G9782210,2834,2014-01-01,2021-09-17,2816
89258,PRU,PRUDENTIAL FINANCIAL INC,74432010,6311,2014-01-01,2021-02-28,2615
89258,PRU,PRUDENTIAL FINANCIAL INC,74432010,6321,2021-03-01,2023-04-02,762
89258,PRU,PRUDENTIAL FINANCIAL INC,74432010,6311,2023-04-03,2024-12-31,638
64653,PSA,PUBLIC STORAGE,74460D10,6798,2014-01-01,2019-12-19,2178
64653,PSA,PUBLIC STORAGE,74460D10,4225,2019-12-20,2020-02-25,67
64653,PSA,PUBLIC STORAGE,74460D10,6798,2020-02-26,2024-12-31,1770
13356,PSX,PHILLIPS 66,71854610,2911,2014-01-01,2014-01-28,27
13356,PSX,PHILLIPS 66,71854610,1311,2014-01-29,2016-12-18,1054
13356,PSX,PHILLIPS 66,71854610,2911,2016-12-19,2020-11-17,1429
13356,PSX,PHILLIPS 66,71854610,1311,2020-11-18,2023-09-20,1036
13356,PSX,PHILLIPS 66,71854610,2911,2023-09-21,2024-12-31,467
75912,PTC,P T C INC,69370C10,7372,2021-04-20,2024-12-31,1351
13936,PVH,P V H CORP,69365610,2321,2014-01-01,2022-09-16,3180
85792,PWR,QUANTA SERVICES INC,74762E10,1731,2014-01-01,2024-12-31,4017
77768,PX,PRAXAIR INC,74005P10,2813,2014-01-01,2018-10-30,1763
75241,PXD,PIONEER NATURAL RESOURCES CO,72378710,1311,2014-01-01,2016-12-18,1082
75241,PXD,PIONEER NATURAL RESOURCES CO,72378710,1382,2016-12-19,2021-03-31,1563
75241,PXD,PIONEER NATURAL RESOURCES CO,72378710,1311,2021-04-01,2024-05-02,1127
15488,PYPL,PAYPAL HOLDINGS INC,70450Y10,9999,2015-07-20,2024-12-31,3452
13911,Q,QUINTILES IMS HOLDINGS INC,74876Y10,8731,2017-08-29,2017-11-14,77
77178,QCOM,QUALCOMM INC,74752510,3663,2014-01-01,2024-12-31,4017
16346,QCP,QUALITY CARE PROPERTIES INC,74754510,6798,2016-11-01,2016-11-01,0
93422,QEP,Q E P RESOURCES INC,74733V10,1311,2014-01-01,2015-06-30,545
85035,QRVO,QORVO INC,74736K10,3670,2015-06-12,2024-12-20,3479
27633,R,RYDER SYSTEMS INC,78354910,7513,2014-01-01,2017-06-16,1262
86946,RAI,REYNOLDS AMERICAN INC,76171310,2111,2014-01-01,2017-07-24,1300
79145,RCL,ROYAL CARIBBEAN CRUISES LTD,V7780T10,7011,2014-12-05,2017-12-25,1116
79145,RCL,ROYAL CARIBBEAN CRUISES LTD,V7780T10,4481,2017-12-26,2023-08-10,2053
79145,RCL,ROYAL CARIBBEAN CRUISES LTD,V7780T10,4724,2023-08-11,2024-12-31,508
45495,RDC,ROWAN COMPANIES PLC,G7665A10,1381,2014-01-01,2014-08-18,229
82303,RE,EVEREST RE GROUP LTD,G3223R10,6331,2017-06-19,2023-07-09,2211
79782,REG,REGENCY CENTERS CORP,75884910,6798,2017-03-02,2018-11-12,620
79782,REG,REGENCY CENTERS CORP,75884910,6798,2018-11-13,2024-12-31,2240
76614,REGN,REGENERON PHARMACEUTICALS INC,75886F10,2830,2014-01-01,2024-12-31,4017
18142,REZI,RESIDEO TECHNOLOGIES INC,76118Y10,3699,2018-10-29,2018-10-29,0
35044,RF,REGIONS FINANCIAL CORP NEW,7591EP10,6021,2014-01-01,2021-03-31,2646
35044,RF,REGIONS FINANCIAL CORP NEW,7591EP10,6022,2021-04-01,2024-12-31,1370
52230,RHI,ROBERT HALF INTERNATIONAL INC,77032310,7363,2014-01-01,2023-07-16,3483
52230,RHI,ROBERT HALF INC,77032310,7363,2023-07-17,2024-06-21,340
87184,RHT,RED HAT INC,75657710,7374,2014-01-01,2016-11-13,1047
87184,RHT,RED HAT INC,75657710,7372,2016-11-14,2019-07-08,966
79237,RIG,TRANSOCEAN LTD,H8817H10,1381,2014-01-01,2017-07-25,1301
69649,RJF,RAYMOND JAMES FINANCIAL INC,75473010,6221,2017-03-20,2021-03-30,1471
69649,RJF,RAYMOND JAMES FINANCIAL INC,75473010,6211,2021-03-31,2024-12-31,1371
85072,RL,RALPH LAUREN CORP,75121210,2329,2014-01-01,2021-03-30,2645
85072,RL,RALPH LAUREN CORP,75121210,2321,2021-03-31,2024-12-31,1371
81736,RMD,RESMED INC,76115210,3841,2017-07-26,2020-03-30,978
81736,RMD,RESMED INC,76115210,4813,2020-03-31,2023-07-18,1204
81736,RMD,RESMED INC,76115210,3841,2023-07-19,2024-12-31,531
84381,ROK,ROCKWELL AUTOMATION INC,77390310,3829,2014-01-01,2017-01-24,1119
84381,ROK,ROCKWELL AUTOMATION INC,77390310,5088,2017-01-25,2017-04-09,74
84381,ROK,ROCKWELL AUTOMATION INC,77390310,3621,2017-04-10,2024-12-31,2822
36003,ROL,ROLLINS INC,77571110,7342,2018-10-01,2024-12-31,2283
77338,ROP,ROPER INDUSTRIES INC NEW,77669610,3823,2014-01-01,2015-04-28,482
77338,ROP,ROPER TECHNOLOGIES INC,77669610,3823,2015-04-29,2023-07-05,2989
77338,ROP,ROPER TECHNOLOGIES INC,77669610,3823,2023-07-06,2024-12-31,544
91556,ROST,ROSS STORES INC,77829610,5650,2014-01-01,2024-12-31,4017
50017,RRC,RANGE RESOURCES CORP,75281A10,1311,2014-01-01,2017-02-08,1134
50017,RRC,RANGE RESOURCES CORP,75281A10,1382,2017-02-09,2018-06-15,491
86228,RSG,REPUBLIC SERVICES INC,76075910,4953,2014-01-01,2024-12-31,4017
24942,RTN,RAYTHEON CO,75511150,3812,2014-01-01,2020-04-02,2283
17830,RTX,RAYTHEON TECHNOLOGIES CORP,75513E10,3724,2020-04-03,2023-07-26,1209
17830,RTX,R T X CORP,75513E10,3724,2023-07-27,2024-12-31,523
42200,RVTY,REVVITY INC,71404610,3845,2023-05-16,2024-12-31,595
86996,SBAC,S B A COMMUNICATIONS CORP NEW,78410G10,4899,2017-09-01,2024-12-31,2678
90090,SBNY,SIGNATURE BANK NEW YORK N Y,82669G10,6022,2021-12-20,2023-03-10,445
77702,SBUX,STARBUCKS CORP,85524410,5810,2014-01-01,2024-12-31,4017
23085,SCG,SCANA CORP NEW,80589M10,4931,2014-01-01,2016-12-18,1082
23085,SCG,SCANA CORP NEW,80589M10,4911,2016-12-19,2018-12-31,742
75186,SCHW,SCHWAB CHARLES CORP NEW,80851310,6211,2014-01-01,2016-12-18,1082
75186,SCHW,SCHWAB CHARLES CORP NEW,80851310,6221,2016-12-19,2019-10-30,1045
75186,SCHW,SCHWAB CHARLES CORP NEW,80851310,6211,2019-10-31,2024-12-31,1888
91650,SE,SPECTRA ENERGY CORP,84756010,4923,2014-01-01,2017-02-24,1150
15272,SEDG,SOLAREDGE TECHNOLOGIES INC,83417M10,9999,2021-12-20,2023-12-15,725
85926,SEE,SEALED AIR CORP NEW,81211K10,2671,2014-01-01,2014-01-07,6
85926,SEE,SEALED AIR CORP NEW,81211K10,2679,2014-01-08,2015-06-16,524
85926,SEE,SEALED AIR CORP NEW,81211K10,7389,2015-06-17,2017-01-11,574
85926,SEE,SEALED AIR CORP NEW,81211K10,3085,2017-01-12,2021-03-31,1539
85926,SEE,SEALED AIR CORP NEW,81211K10,2673,2021-04-01,2023-12-15,988
36468,SHW,SHERWIN WILLIAMS CO,82434810,5231,2014-01-01,2014-01-30,29
36468,SHW,SHERWIN WILLIAMS CO,82434810,3272,2014-01-31,2015-06-30,515
36468,SHW,SHERWIN WILLIAMS CO,82434810,5231,2015-07-01,2017-06-11,711
36468,SHW,SHERWIN WILLIAMS CO,82434810,5198,2017-06-12,2018-08-26,440
36468,SHW,SHERWIN WILLIAMS CO,82434810,2851,2018-08-27,2024-12-31,2318
70536,SIAL,SIGMA ALDRICH CORP,82655210,2836,2014-01-01,2015-11-17,685
12076,SIG,SIGNET JEWELERS LTD,G8127610,5944,2015-07-29,2018-03-16,961
11786,SIVB,S V B FINANCIAL GROUP,78486Q10,6020,2018-03-19,2023-03-10,1817
42585,SJM,SMUCKER J M CO,83269640,2033,2014-01-01,2014-01-08,7
42585,SJM,SMUCKER J M CO,83269640,2099,2014-01-09,2015-03-17,432
42585,SJM,SMUCKER J M CO,83269640,8999,2015-03-18,2015-07-20,124
42585,SJM,SMUCKER J M CO,83269640,2099,2015-07-21,2024-06-23,3260
42585,SJM,SMUCKER J M CO,83269640,2033,2024-06-24,2024-12-31,190
14277,SLB,SCHLUMBERGER LTD,80685710,1389,2014-01-01,2020-04-05,2286
14277,SLB,SCHLUMBERGER LTD,80685710,5651,2020-04-06,2024-12-31,1730
85265,SLG,S L GREEN REALTY CORP,78440X10,6798,2015-03-23,2021-01-20,2130
85265,SLG,S L GREEN REALTY CORP,78440X80,6798,2021-01-21,2021-03-19,57
66325,SLM,S L M CORP,78442P10,6141,2014-01-01,2014-04-30,119
91907,SMCI,SUPER MICRO COMPUTER INC,86800U10,3571,2024-03-18,2024-09-30,196
91907,SMCI,SUPER MICRO COMPUTER INC,86800U30,3571,2024-10-01,2024-12-31,91
60206,SNA,SNAP ON INC,83303410,3423,2014-01-01,2016-12-07,1071
60206,SNA,SNAP ON INC,83303410,3546,2016-12-08,2021-03-30,1573
60206,SNA,SNAP ON INC,83303410,5251,2021-03-31,2024-12-31,1371
82618,SNDK,SANDISK CORP,80004C10,3570,2014-01-01,2016-05-11,861
92709,SNI,SCRIPPS NETWORKS INTERACTIVE INC,81106510,4841,2014-01-01,2016-03-14,803
92709,SNI,SCRIPPS NETWORKS INTERACTIVE INC,81106510,4841,2016-03-15,2018-03-06,721
77357,SNPS,SYNOPSYS INC,87160710,7370,2017-03-16,2024-12-31,2847
18411,SO,SOUTHERN CO,84258710,4911,2014-01-01,2024-12-31,4017
24877,SOLV,SOLVENTUM CORP,83444M10,3841,2024-04-01,2024-12-31,274
80100,SPG,SIMON PROPERTY GROUP INC NEW,82880610,6798,2014-01-01,2024-12-31,4017
17478,SPGI,S & P GLOBAL INC,78409V10,6282,2016-04-28,2016-12-18,234
17478,SPGI,S & P GLOBAL INC,78409V10,7371,2016-12-19,2017-03-27,98
17478,SPGI,S & P GLOBAL INC,78409V10,6289,2017-03-28,2021-03-31,1464
17478,SPGI,S & P GLOBAL INC,78409V10,6282,2021-04-01,2024-12-31,1370
75489,SPLS,STAPLES INC,85503010,5940,2014-01-01,2017-09-12,1350
83906,SRCL,STERICYCLE INC,85891210,4950,2014-01-01,2018-11-30,1794
86136,SRE,SEMPRA ENERGY,81685110,4932,2014-01-01,2016-12-21,1085
86136,SRE,SEMPRA ENERGY,81685110,4612,2016-12-22,2021-03-31,1560
86136,SRE,SEMPRA ENERGY,81685110,4932,2021-04-01,2024-12-31,1370
77649,STE,STERIS PLC NEW,G8473T10,3842,2019-12-23,2023-09-17,1364
77649,STE,STERIS PLC NEW,G8473T10,5047,2023-09-18,2024-06-20,276
77649,STE,STERIS PLC NEW,G8473T10,3841,2024-06-21,2024-12-31,193
68144,STI,SUNTRUST BANKS INC,86791410,6021,2014-01-01,2019-12-06,2165
68591,STJ,ST JUDE MEDICAL INC,79084910,3845,2014-01-01,2017-01-04,1099
84262,STLD,STEEL DYNAMICS INC,85811910,3310,2022-12-22,2024-12-31,740
72726,STT,STATE STREET CORP,85747710,6022,2014-01-01,2024-12-31,4017
89641,STX,SEAGATE TECHNOLOGY PLC,G7945M10,3572,2014-01-01,2021-05-18,2694
89641,STX,SEAGATE TECHNOLOGY HOLDINGS PLC,G7997R10,3572,2021-05-19,2024-12-31,1322
69796,STZ,CONSTELLATION BRANDS INC,21036P10,2084,2014-01-01,2014-01-09,8
69796,STZ,CONSTELLATION BRANDS INC,21036P10,5912,2014-01-10,2014-04-09,89
69796,STZ,CONSTELLATION BRANDS INC,21036P10,2084,2014-04-10,2024-12-31,3918
25146,SW,SMURFIT WESTROCK PLC,G8267P10,6719,2024-07-08,2024-12-31,176
43350,SWK,STANLEY BLACK & DECKER INC,85450210,3423,2014-01-01,2014-01-26,25
43350,SWK,STANLEY BLACK & DECKER INC,85450210,3429,2014-01-27,2017-04-23,1182
43350,SWK,STANLEY BLACK & DECKER INC,85450210,3489,2017-04-24,2019-11-19,939
43350,SWK,STANLEY BLACK & DECKER INC,85450210,3429,2019-11-20,2020-07-05,228
43350,SWK,STANLEY BLACK & DECKER INC,85450210,3999,2020-07-06,2020-11-02,119
43350,SWK,STANLEY BLACK & DECKER INC,85450210,3429,2020-11-03,2024-12-31,1519
45911,SWKS,SKYWORKS SOLUTIONS INC,83088M10,3674,2015-03-12,2024-12-31,3582
63765,SWN,SOUTHWESTERN ENERGY CO,84546710,1311,2014-01-01,2016-12-18,1082
63765,SWN,SOUTHWESTERN ENERGY CO,84546710,1382,2016-12-19,2017-01-24,36
63765,SWN,SOUTHWESTERN ENERGY CO,84546710,1321,2017-01-25,2017-04-03,68
76149,SWY,SAFEWAY INC,78651420,5411,2014-01-01,2015-01-26,390
14776,SYF,SYNCHRONY FINANCIAL,87165B10,7389,2015-11-18,2017-03-19,487
14776,SYF,SYNCHRONY FINANCIAL,87165B10,7359,2017-03-20,2017-06-11,83
14776,SYF,SYNCHRONY FINANCIAL,87165B10,7389,2017-06-12,2020-04-07,1030
14776,SYF,SYNCHRONY FINANCIAL,87165B10,6141,2020-04-08,2021-06-20,438
14776,SYF,SYNCHRONY FINANCIAL,87165B10,6021,2021-06-21,2024-12-31,1289
73139,SYK,STRYKER CORP,86366710,3841,2014-01-01,2024-12-31,4017
75607,SYMC,SYMANTEC CORP,87150310,7370,2014-01-01,2019-11-04,2133
52038,SYY,SYSCO CORP,87182910,5141,2014-01-01,2014-01-07,6
52038,SYY,SYSCO CORP,87182910,5149,2014-01-08,2016-12-21,1078
52038,SYY,SYSCO CORP,87182910,5499,2016-12-22,2017-01-24,33
52038,SYY,SYSCO CORP,87182910,5149,2017-01-25,2024-12-31,2897
66093,T,A T & T INC,00206R10,4812,2014-01-01,2014-01-08,7
66093,T,A T & T INC,00206R10,4813,2014-01-09,2021-12-29,2911
66093,T,A T & T INC,00206R10,4812,2021-12-30,2024-12-31,1097
59248,TAP,MOLSON COORS BREWING CO,60871R20,2082,2014-01-01,2020-01-01,2191
59248,TAP,MOLSON COORS BEVERAGE CO,60871R20,2082,2020-01-02,2024-12-31,1825
92293,TDC,TERADATA CORP DE,88076W10,3571,2014-01-01,2017-06-16,1262
91152,TDG,TRANSDIGM GROUP INC,89364110,3728,2016-06-03,2024-12-31,3133
87445,TDY,TELEDYNE TECHNOLOGIES,87936010,8711,2020-06-22,2024-06-23,1462
87445,TDY,TELEDYNE TECHNOLOGIES,87936010,3679,2024-06-24,2024-12-31,190
37161,TE,T E C O ENERGY INC,87237510,4911,2014-01-01,2016-06-30,911
75694,TECH,BIO TECHNE CORP,09073M10,2836,2021-08-30,2024-12-31,1219
25099,TEG,INTEGRYS ENERGY GROUP INC,45822P10,4931,2014-01-01,2015-06-29,544
92157,TEL,T E CONNECTIVITY LTD,H8498910,5065,2014-01-01,2024-09-29,3924
92157,TEL,T E CONNECTIVITY PLC,G8705210,5065,2024-09-30,2024-12-31,92
51369,TER,TERADYNE INC,88077010,3825,2020-09-21,2024-12-31,1562
71563,TFC,TRUIST FINANCIAL CORP,89832Q10,6021,2019-12-09,2020-02-10,63
71563,TFC,TRUIST FINANCIAL CORP,89832Q10,6712,2020-02-11,2024-12-31,1785
90442,TFCF,TWENTY FIRST CENTURY FOX INC,90130A40,2711,2019-03-19,2019-03-19,0
90441,TFCFA,TWENTY FIRST CENTURY FOX INC,90130A30,2711,2019-03-19,2019-03-19,0
44329,TFX,TELEFLEX INC,87936910,3841,2019-01-18,2024-12-31,2174
47941,TGNA,TEGNA INC,87901J10,2711,2015-06-29,2017-03-19,629
47941,TGNA,TEGNA INC,87901J10,7929,2017-03-20,2017-06-01,73
49154,TGT,TARGET CORP,87612E10,5331,2014-01-01,2024-12-31,4017
52337,THC,TENET HEALTHCARE CORP,88033G40,8062,2014-01-01,2016-04-15,835
75100,TIF,TIFFANY & CO NEW,88654710,5944,2014-01-01,2021-01-06,2562
40539,TJX,T J X COMPANIES INC NEW,87254010,5651,2014-01-01,2016-01-28,757
40539,TJX,T J X COMPANIES INC NEW,87254010,5311,2016-01-29,2016-12-21,327
40539,TJX,T J X COMPANIES INC NEW,87254010,5331,2016-12-22,2021-03-31,1560
40539,TJX,T J X COMPANIES INC NEW,87254010,5651,2021-04-01,2024-12-31,1370
62308,TMK,TORCHMARK CORP,89102710,6311,2014-01-01,2019-08-08,2045
62092,TMO,THERMO FISHER SCIENTIFIC INC,88355610,3829,2014-01-01,2024-12-31,4017
91937,TMUS,T MOBILE U S INC,87259010,4812,2019-07-15,2024-12-31,1996
20391,TPL,TEXAS PACIFIC LAND CORP,88262P10,4941,2024-11-26,2024-12-31,35
88661,TPR,TAPESTRY INC,87603010,3199,2017-10-31,2024-12-31,2618
12476,TRGP,TARGA RESOURCES CORP,87612G10,1382,2022-10-12,2024-06-23,620
12476,TRGP,TARGA RESOURCES CORP,87612G10,4922,2024-06-24,2024-12-31,190
13168,TRIP,TRIPADVISOR INC,89694520,9999,2014-01-01,2019-12-20,2179
76230,TRMB,TRIMBLE INC,89623910,3810,2021-01-21,2024-12-31,1440
10138,TROW,T ROWE PRICE GROUP INC,74144T10,6211,2014-01-01,2024-12-31,4017
59459,TRV,TRAVELERS COMPANIES INC,89417E10,6331,2014-01-01,2024-12-31,4017
80286,TSCO,TRACTOR SUPPLY CO NEW,89235610,5999,2014-01-24,2024-12-31,3994
93436,TSLA,TESLA INC,88160R10,9999,2020-12-21,2024-12-31,1471
77730,TSN,TYSON FOODS INC,90249410,2015,2014-01-01,2017-07-10,1286
77730,TSN,TYSON FOODS INC,90249410,2011,2017-07-11,2021-03-31,1359
77730,TSN,TYSON FOODS INC,90249410,2015,2021-04-01,2024-12-31,1370
37284,TSO,TESORO CORP,88160910,2911,2014-01-01,2017-07-31,1307
76639,TSS,TOTAL SYSTEM SERVICES INC,89190610,7374,2014-01-01,2017-04-12,1197
76639,TSS,TOTAL SYSTEM SERVICES INC,89190610,7363,2017-04-13,2019-09-17,887
12431,TT,TRANE TECHNOLOGIES PLC,G8994E10,3822,2020-03-02,2024-06-25,1576
12431,TT,TRANE TECHNOLOGIES PLC,G8994E10,3564,2024-06-26,2024-12-31,188
84761,TTWO,TAKE TWO INTERACTIVE SOFTWR INC,87405410,7370,2018-03-19,2024-12-31,2479
91883,TWC,TIME WARNER CABLE INC,88732J20,4841,2014-01-01,2016-05-17,867
14295,TWTR,TWITTER INC,90184L10,7375,2018-06-07,2022-10-27,1603
77418,TWX,TIME WARNER INC NEW,88731730,7812,2014-01-01,2016-12-18,1082
77418,TWX,TIME WARNER INC NEW,88731730,7313,2016-12-19,2018-06-14,542
15579,TXN,TEXAS INSTRUMENTS INC,88250810,3674,2014-01-01,2024-12-31,4017
23579,TXT,TEXTRON INC,88320310,3728,2014-01-01,2014-01-08,7
23579,TXT,TEXTRON INC,88320310,3721,2014-01-09,2017-01-29,1116
23579,TXT,TEXTRON INC,88320310,3999,2017-01-30,2021-03-31,1521
23579,TXT,TEXTRON INC,88320310,3721,2021-04-01,2024-12-31,1370
45356,TYC,TYCO INTERNATIONAL LTD SWTZLND,H8912810,7382,2014-01-01,2014-11-16,319
45356,TYC,TYCO INTERNATIONAL PLC IRELAND,G9144210,7382,2014-11-17,2016-09-05,658
76185,TYL,TYLER TECHNOLOGIES INC,90225210,7372,2020-06-22,2024-12-31,1653
90979,UA,UNDER ARMOUR INC,90431110,5611,2014-05-01,2016-08-14,836
15980,UA,UNDER ARMOUR INC,90431120,5611,2016-04-08,2016-08-14,128
15980,UA,UNDER ARMOUR INC,90431120,2329,2016-08-15,2022-06-17,2132
90979,UA,UNDER ARMOUR INC,90431110,2329,2016-08-15,2016-12-06,113
90979,UAA,UNDER ARMOUR INC,90431110,2329,2016-12-07,2022-06-17,2018
91103,UAL,UNITED CONTINENTAL HOLDINGS INC,91004710,4512,2015-09-03,2018-09-06,1099
91103,UAL,UNITED CONTINENTAL HOLDINGS INC,91004710,4512,2018-09-07,2019-06-30,296
91103,UAL,UNITED AIRLINES HOLDINGS INC,91004710,4512,2019-07-01,2024-12-31,2010
18576,UBER,UBER TECHNOLOGIES INC,90353T10,4119,2023-12-18,2024-06-23,188
18576,UBER,UBER TECHNOLOGIES INC,90353T10,7389,2024-06-24,2024-12-31,190
59300,UDR,U D R INC,90265310,6798,2016-03-07,2024-12-31,3221
79637,UHS,UNIVERSAL HEALTH SERVICES INC,91390310,8062,2014-09-22,2024-12-31,3753
92322,ULTA,ULTA SALON COSMETICS & FRAG INC,90384S30,5999,2016-04-18,2017-01-29,286
92322,ULTA,ULTA BEAUTY INC,90384S30,5999,2017-01-30,2024-12-31,2892
92655,UNH,UNITEDHEALTH GROUP INC,91324P10,6324,2014-01-01,2024-12-31,4017
71175,UNM,UNUM GROUP,91529Y10,6321,2014-01-01,2021-09-17,2816
48725,UNP,UNION PACIFIC CORP,90781810,4011,2014-01-01,2024-12-31,4017
87447,UPS,UNITED PARCEL SERVICE INC,91131210,4215,2014-01-01,2014-01-07,6
87447,UPS,UNITED PARCEL SERVICE INC,91131210,4513,2014-01-08,2022-10-19,3206
87447,UPS,UNITED PARCEL SERVICE INC,91131210,4215,2022-10-20,2024-12-31,803
79881,URBN,URBAN OUTFITTERS INC,91704710,5650,2014-01-01,2017-03-17,1171
85663,URI,UNITED RENTALS INC,91136310,7359,2014-09-22,2017-06-26,1008
85663,URI,UNITED RENTALS INC,91136310,7353,2017-06-27,2021-03-30,1372
85663,URI,UNITED RENTALS INC,91136310,7359,2021-03-31,2024-12-31,1371
66157,USB,U S BANCORP DEL,90297330,6021,2014-01-01,2024-12-31,4017
17830,UTX,UNITED TECHNOLOGIES CORP,91301710,3724,2014-01-01,2014-01-21,20
17830,UTX,UNITED TECHNOLOGIES CORP,91301710,3585,2014-01-22,2015-05-20,483
17830,UTX,UNITED TECHNOLOGIES CORP,91301710,3324,2015-05-21,2016-12-07,566
17830,UTX,UNITED TECHNOLOGIES CORP,91301710,3724,2016-12-08,2020-04-02,1211
92611,V,VISA INC,92826C83,7389,2014-01-01,2017-01-10,1105
92611,V,VISA INC,92826C83,7374,2017-01-11,2020-11-26,1415
92611,V,VISA INC,92826C83,7389,2020-11-27,2024-12-31,1495
27043,VAR,VARIAN MEDICAL SYSTEMS INC,92220P10,3845,2014-01-01,2021-04-14,2660
43553,VFC,V F CORP,91820410,2325,2014-01-01,2024-04-02,3744
91063,VIAB,VIACOM INC NEW,92553P20,4841,2014-01-01,2019-12-04,2163
76226,VIAC,VIACOMCBS INC,92556H20,4833,2019-12-05,2022-02-16,804
17307,VICI,VICI PROPERTIES INC,92565210,6798,2022-06-08,2024-12-31,937
85269,VLO,VALERO ENERGY CORP NEW,91913Y10,2911,2014-01-01,2024-12-31,4017
24174,VLTO,VERALTO CORP,92338C10,5812,2023-10-02,2024-06-23,265
24174,VLTO,VERALTO CORP,92338C10,3825,2024-06-24,2024-12-31,190
15202,VMC,VULCAN MATERIALS CO,92916010,1442,2014-01-01,2017-12-25,1454
15202,VMC,VULCAN MATERIALS CO,92916010,1422,2017-12-26,2021-03-31,1191
15202,VMC,VULCAN MATERIALS CO,92916010,1423,2021-04-01,2024-12-31,1370
28388,VNO,VORNADO REALTY TRUST,92904210,6798,2014-01-01,2023-01-04,3290
19807,VNT,VONTIER CORP,92888110,3824,2020-10-09,2021-03-19,161
93089,VRSK,VERISK ANALYTICS INC,92345Y10,9999,2015-10-08,2024-12-31,3372
85753,VRSN,VERISIGN INC,92343E10,7372,2014-01-01,2024-12-31,4017
76744,VRTX,VERTEX PHARMACEUTICALS INC,92532F10,2830,2014-01-01,2024-12-31,4017
16279,VSM,VERSUM MATERIALS INC,92532W10,2813,2016-10-03,2016-10-03,0
16736,VST,VISTRA CORP,92840M10,4911,2024-05-08,2024-12-31,237
75819,VTR,VENTAS INC,92276F10,6798,2014-01-01,2024-12-31,4017
20057,VTRS,VIATRIS INC,92556V10,9999,2020-11-17,2024-12-31,1505
65875,VZ,VERIZON COMMUNICATIONS INC,92343V10,4812,2014-01-01,2014-01-08,7
65875,VZ,VERIZON COMMUNICATIONS INC,92343V10,4813,2014-01-09,2021-04-25,2663
65875,VZ,VERIZON COMMUNICATIONS INC,92343V10,5999,2021-04-26,2021-12-20,238
65875,VZ,VERIZON COMMUNICATIONS INC,92343V10,8741,2021-12-21,2022-04-03,103
65875,VZ,VERIZON COMMUNICATIONS INC,92343V10,4813,2022-04-04,2024-12-31,1002
81677,WAB,WABTEC CORP,92974010,3743,2019-02-27,2024-12-31,2134
19502,WAG,WALGREEN CO,93142210,5912,2014-01-01,2014-12-30,363
82651,WAT,WATERS CORP,94184810,3826,2014-01-01,2024-12-31,4017
19502,WBA,WALGREENS BOOTS ALLIANCE INC,93142710,5912,2014-12-31,2024-12-31,3653
22976,WBD,WARNER BROS DISCOVERY INC,93442310,9999,2022-04-11,2024-12-31,995
90272,WCG,WELLCARE HEALTH PLANS INC,94946T10,6324,2018-09-17,2020-01-23,493
13628,WDAY,WORKDAY INC,98138H10,7372,2024-12-23,2024-12-31,8
66384,WDC,WESTERN DIGITAL CORP,95810210,3572,2014-01-01,2024-12-31,4017
23536,WEC,WISCONSIN ENERGY CORP,97665710,4931,2014-01-01,2015-06-29,544
23536,WEC,W E C ENERGY GROUP INC,92939U10,4931,2015-06-30,2017-12-25,909
23536,WEC,W E C ENERGY GROUP INC,92939U10,4911,2017-12-26,2024-12-31,2562
65947,WELL,WELLTOWER INC,95040Q10,6798,2018-02-28,2023-05-11,1898
65947,WELL,WELLTOWER INC,95040Q10,6513,2023-05-12,2024-12-31,599
38703,WFC,WELLS FARGO & CO NEW,94974610,6022,2014-01-01,2014-01-14,13
38703,WFC,WELLS FARGO & CO NEW,94974610,6021,2014-01-15,2024-12-31,4003
77281,WFM,WHOLE FOODS MARKET INC,96683710,5411,2014-01-01,2017-08-25,1332
25419,WHR,WHIRLPOOL CORP,96332010,3633,2014-01-01,2019-11-19,2148
25419,WHR,WHIRLPOOL CORP,96332010,3639,2019-11-20,2024-03-15,1577
91391,WIN,WINDSTREAM HOLDINGS INC,97382A10,4813,2014-01-01,2015-04-06,460
89179,WLP,WELLPOINT INC,94973V10,6324,2014-01-01,2014-12-02,335
89017,WLTW,WILLIS TOWERS WATSON PUB LTD CO,G9662910,8742,2016-01-05,2022-01-09,2196
11955,WM,WASTE MANAGEMENT INC DEL,94106L10,4953,2014-01-01,2024-12-31,4017
38156,WMB,WILLIAMS COS,96945710,4922,2014-01-01,2024-12-31,4017
55976,WMT,WAL MART STORES INC,93114210,5311,2014-01-01,2014-01-06,5
55976,WMT,WAL MART STORES INC,93114210,5331,2014-01-07,2018-01-31,1485
55976,WMT,WALMART INC,93114210,5331,2018-02-01,2020-11-17,1020
55976,WMT,WALMART INC,93114210,5311,2020-11-18,2024-12-31,1504
13141,WPX,W P X ENERGY INC,98212B10,1311,2014-01-01,2014-03-21,79
17743,WRB,BERKLEY W R CORP,08442310,6331,2019-12-05,2024-12-31,1853
21186,WRK,WESTROCK CO,96145D10,5013,2015-07-02,2020-02-17,1691
21186,WRK,WESTROCK CO,96145D10,2631,2020-02-18,2024-06-23,1587
21186,WRK,WESTROCK CO,96145D10,2671,2024-06-24,2024-07-05,11
62498,WST,WEST PHARMACEUTICAL SERVICES INC,95530610,2834,2020-05-22,2024-06-23,1493
62498,WST,WEST PHARMACEUTICAL SERVICES INC,95530610,3069,2024-06-24,2024-12-31,190
89017,WTW,WILLIS TOWERS WATSON PUB LTD CO,G9662910,8742,2022-01-10,2024-12-31,1086
91461,WU,WESTERN UNION CO,95980210,6099,2014-01-01,2021-12-17,2907
39917,WY,WEYERHAEUSER CO,96216610,6798,2014-01-01,2014-01-08,7
39917,WY,WEYERHAEUSER CO,96216610,2499,2014-01-09,2016-09-14,979
39917,WY,WEYERHAEUSER CO,96216610,6798,2016-09-15,2017-01-10,117
39917,WY,WEYERHAEUSER CO,96216610,831,2017-01-11,2021-03-31,1540
39917,WY,WEYERHAEUSER CO,96216610,2435,2021-04-01,2024-12-31,1370
91392,WYN,WYNDHAM WORLDWIDE CORP,98310W10,7011,2014-01-01,2018-05-30,1610
89533,WYNN,WYNN RESORTS LTD,98313410,7990,2014-01-01,2024-12-31,4017
76644,X,UNITED STATES STEEL CORP NEW,91290910,3312,2014-01-01,2014-07-01,181
89509,XEC,CIMAREX ENERGY CO,17179810,1311,2014-06-23,2016-12-18,909
89509,XEC,CIMAREX ENERGY CO,17179810,1382,2016-12-19,2020-03-02,1169
23931,XEL,X C E L ENERGY INC,98389B10,4931,2014-01-01,2014-01-30,29
23931,XEL,X C E L ENERGY INC,98389B10,4911,2014-01-31,2018-01-01,1431
23931,XEL,X C E L ENERGY INC,98389B10,4911,2018-01-02,2024-12-31,2555
86314,XL,X L GROUP PLC,G9829010,6351,2014-01-01,2016-07-24,935
86314,XL,X L GROUP LTD,G9829410,6351,2016-07-25,2018-09-11,778
76201,XLNX,XILINX INC,98391910,3670,2014-01-01,2022-02-11,2963
11850,XOM,EXXON MOBIL CORP,30231G10,2911,2014-01-01,2016-12-18,1082
11850,XOM,EXXON MOBIL CORP,30231G10,1311,2016-12-19,2019-09-10,995
11850,XOM,EXXON MOBIL CORP,30231G10,2911,2019-09-11,2024-06-30,1754
11850,XOM,EXXON MOBIL CORP,30231G10,1311,2024-07-01,2024-12-31,183
11600,XRAY,DENTSPLY INTERNATIONAL INC NEW,24903010,3840,2014-01-01,2016-02-29,789
11600,XRAY,DENTSPLY SIRONA INC,24906P10,3840,2016-03-01,2024-04-02,2954
27983,XRX,XEROX CORP,98412110,3577,2014-01-01,2017-03-29,1183
27983,XRX,XEROX CORP,98412110,3861,2017-03-30,2017-06-14,76
27983,XRX,XEROX CORP,98412160,3861,2017-06-15,2019-06-27,742
27983,XRX,XEROX CORP,98412160,3577,2019-06-28,2019-07-31,33
27983,XRX,XEROX HOLDINGS CORP,98421M10,3577,2019-08-01,2019-09-16,46
27983,XRX,XEROX HOLDINGS CORP,98421M10,6719,2019-09-17,2021-03-19,549
13035,XYL,XYLEM INC,98419M10,4449,2014-01-01,2014-01-08,7
13035,XYL,XYLEM INC,98419M10,3561,2014-01-09,2024-12-31,4009
83435,YHOO,YAHOO INC,98433210,7375,2014-01-01,2017-06-16,1262
85348,YUM,YUM BRANDS INC,98849810,5812,2014-01-01,2024-12-31,4017
16343,YUMC,YUM CHINA HOLDINGS INC,98850P10,6799,2016-11-01,2016-11-01,0
89070,ZBH,ZIMMER BIOMET HOLDINGS INC,98956P10,3842,2015-06-29,2024-12-31,3473
76795,ZBRA,ZEBRA TECHNOLOGIES CORP,98920710,3577,2019-12-23,2024-12-31,1835
84129,ZION,ZIONS BANCORPORATION,98970110,6020,2014-01-01,2018-09-30,1733
84129,ZION,ZIONS BANCORPORATION N A,98970110,6021,2018-10-01,2024-03-15,1992
89070,ZMH,ZIMMER HOLDINGS INC,98956P10,3842,2014-01-01,2015-06-28,543
13788,ZTS,ZOETIS INC,98978V10,2834,2014-01-01,2024-12-31,4017
